sku,product_name,revenue,units,profit,revenue_share,cumulative_share,abc_class,monthly_avg_units,cv,xyz_class,segment
SKU1787,Product 1787,6531.6269,2392.0,1973.5992,0.0282,0.0282,A,159.4667,0.7483,Y,AY
SKU0581,Product 0581,3265.1951,288.0,1414.1218,0.0141,0.0423,A,19.2,0.8629,Y,AY
SKU1790,Product 1790,3231.4473,1233.0,900.9156,0.0139,0.0562,A,82.2,0.8974,Y,AY
SKU1795,Product 1795,2639.0348,327.0,703.9673,0.0114,0.0676,A,21.8,0.6039,Y,AY
SKU0668,Product 0668,2612.0266,696.0,771.7004,0.0113,0.0788,A,46.4,0.6037,Y,AY
SKU0021,Product 0021,2561.5626,130.0,731.1596,0.011,0.0899,A,8.6667,1.6403,Z,AZ
SKU1108,Product 1108,2493.7516,170.0,759.9666,0.0108,0.1006,A,11.3333,1.159,Z,AZ
SKU0666,Product 0666,2407.2822,588.0,813.2733,0.0104,0.111,A,39.2,0.6444,Y,AY
SKU0664,Product 0664,2147.1353,568.0,638.8854,0.0093,0.1203,A,37.8667,0.5608,Y,AY
SKU1404,Product 1404,2107.1708,2192.0,876.591,0.0091,0.1294,A,146.1333,0.5669,Y,AY
SKU1077,Product 1077,2017.398,1230.0,980.1188,0.0087,0.1381,A,82.0,0.5414,Y,AY
SKU0532,Product 0532,2006.3092,675.0,950.8145,0.0087,0.1467,A,45.0,0.5513,Y,AY
SKU1686,Product 1686,1959.5553,1508.0,763.4917,0.0085,0.1552,A,100.5333,0.8865,Y,AY
SKU1326,Product 1326,1825.834,1315.0,657.1268,0.0079,0.163,A,87.6667,0.6629,Y,AY
SKU1321,Product 1321,1744.4857,1262.0,623.9339,0.0075,0.1706,A,84.1333,0.5668,Y,AY
SKU0633,Product 0633,1526.4862,779.0,612.8508,0.0066,0.1771,A,51.9333,0.4067,X,AX
SKU0655,Product 0655,1519.0826,951.0,814.4424,0.0066,0.1837,A,63.4,1.052,Z,AZ
SKU0247,Product 0247,1490.846,1009.0,446.3529,0.0064,0.1901,A,67.2667,0.2635,X,AX
SKU1322,Product 1322,1468.1787,1071.0,517.9776,0.0063,0.1965,A,71.4,0.4621,X,AX
SKU1384,Product 1384,1456.8492,1734.0,356.3798,0.0063,0.2027,A,115.6,0.8389,Y,AY
SKU0680,Product 0680,1424.529,480.0,783.6983,0.0061,0.2089,A,32.0,0.6791,Y,AY
SKU1323,Product 1323,1392.0179,1004.0,500.0832,0.006,0.2149,A,66.9333,0.7643,Y,AY
SKU1327,Product 1327,1333.2539,964.0,477.3525,0.0057,0.2206,A,64.2667,0.7504,Y,AY
SKU0667,Product 0667,1240.4682,300.0,409.6111,0.0053,0.226,A,20.0,0.8675,Y,AY
SKU0841,Product 0841,1215.3109,4260.0,136.048,0.0052,0.2312,A,284.0,0.2714,X,AX
SKU0803,Product 0803,1175.8195,900.0,731.6016,0.0051,0.2363,A,60.0,0.6235,Y,AY
SKU0941,Product 0941,1156.0074,86.0,385.6285,0.005,0.2413,A,5.7333,1.1001,Z,AZ
SKU0731,Product 0731,1119.919,326.0,185.884,0.0048,0.2461,A,21.7333,1.4473,Z,AZ
SKU0546,Product 0546,1110.9882,141.0,267.1973,0.0048,0.2509,A,9.4,2.0435,Z,AZ
SKU1485,Product 1485,1083.7061,4344.0,321.0443,0.0047,0.2556,A,289.6,0.5019,Y,AY
SKU0540,Product 0540,1066.384,814.0,360.0487,0.0046,0.2602,A,54.2667,0.8326,Y,AY
SKU0140,Product 0140,1044.0072,604.0,335.559,0.0045,0.2647,A,40.2667,0.5692,Y,AY
SKU1606,Product 1606,1032.9267,739.0,345.6014,0.0045,0.2691,A,49.2667,0.586,Y,AY
SKU0652,Product 0652,1016.1109,827.0,497.5663,0.0044,0.2735,A,55.1333,0.7064,Y,AY
SKU1729,Product 1729,1008.284,316.0,365.6525,0.0043,0.2779,A,21.0667,0.9294,Y,AY
SKU0547,Product 0547,1003.8684,142.0,161.3425,0.0043,0.2822,A,9.4667,1.086,Z,AZ
SKU1615,Product 1615,998.9133,717.0,332.2393,0.0043,0.2865,A,47.8,0.4759,X,AX
SKU1416,Product 1416,967.3235,904.0,350.1588,0.0042,0.2907,A,60.2667,1.0093,Z,AZ
SKU0681,Product 0681,946.7976,828.0,438.6531,0.0041,0.2948,A,55.2,1.0443,Z,AZ
SKU1502,Product 1502,920.221,1142.0,477.7396,0.004,0.2987,A,76.1333,0.897,Y,AY
SKU0555,Product 0555,872.5126,66.0,229.8458,0.0038,0.3025,A,4.4,1.7326,Z,AZ
SKU1730,Product 1730,849.3805,286.0,298.0889,0.0037,0.3062,A,19.0667,0.773,Y,AY
SKU1084,Product 1084,842.9646,695.0,458.0274,0.0036,0.3098,A,46.3333,0.8807,Y,AY
SKU0955,Product 0955,837.7854,71.0,202.4834,0.0036,0.3134,A,4.7333,2.0475,Z,AZ
SKU1013,Product 1013,837.221,767.0,323.9695,0.0036,0.317,A,51.1333,0.4242,X,AX
SKU0635,Product 0635,832.656,422.0,371.7464,0.0036,0.3206,A,28.1333,0.3488,X,AX
SKU0509,Product 0509,814.6782,417.0,383.6243,0.0035,0.3241,A,27.8,0.4763,X,AX
SKU1609,Product 1609,804.0542,581.0,265.0422,0.0035,0.3276,A,38.7333,0.4705,X,AX
SKU1216,Product 1216,797.0158,694.0,387.04,0.0034,0.331,A,46.2667,0.499,X,AX
SKU0678,Product 0678,778.2412,431.0,451.6071,0.0034,0.3344,A,28.7333,0.6457,Y,AY
SKU0019,Product 0019,776.6061,62.0,308.8388,0.0033,0.3377,A,4.1333,1.2366,Z,AZ
SKU0653,Product 0653,776.0168,444.0,447.1334,0.0033,0.3411,A,29.6,0.8171,Y,AY
SKU1610,Product 1610,753.474,545.0,248.1154,0.0032,0.3443,A,36.3333,0.5372,Y,AY
SKU1466,Product 1466,748.7596,241.0,293.7894,0.0032,0.3476,A,16.0667,0.8045,Y,AY
SKU0688,Product 0688,742.8417,596.0,386.5039,0.0032,0.3508,A,39.7333,0.5723,Y,AY
SKU0798,Product 0798,732.9896,237.0,286.218,0.0032,0.3539,A,15.8,0.8006,Y,AY
SKU1090,Product 1090,729.1965,311.0,226.5777,0.0031,0.3571,A,20.7333,1.6956,Z,AZ
SKU1650,Product 1650,715.4351,176.0,235.2999,0.0031,0.3602,A,11.7333,0.651,Y,AY
SKU0564,Product 0564,712.804,485.0,339.406,0.0031,0.3632,A,32.3333,0.6642,Y,AY
SKU1647,Product 1647,710.5547,356.0,200.4931,0.0031,0.3663,A,23.7333,0.9105,Y,AY
SKU0799,Product 0799,709.65,228.0,278.9741,0.0031,0.3694,A,15.2,0.7677,Y,AY
SKU1766,Product 1766,698.0798,337.0,311.6356,0.003,0.3724,A,22.4667,0.5692,Y,AY
SKU1768,Product 1768,695.955,328.0,318.2178,0.003,0.3754,A,21.8667,0.6358,Y,AY
SKU0050,Product 0050,694.0294,260.0,376.2689,0.003,0.3784,A,17.3333,0.7467,Y,AY
SKU1685,Product 1685,690.809,356.0,202.5294,0.003,0.3813,A,23.7333,1.0563,Z,AZ
SKU1501,Product 1501,682.011,556.0,298.2002,0.0029,0.3843,A,37.0667,0.4429,X,AX
SKU1401,Product 1401,680.7328,261.0,225.1835,0.0029,0.3872,A,17.4,0.5668,Y,AY
SKU1259,Product 1259,670.4574,232.0,226.8599,0.0029,0.3901,A,15.4667,1.0182,Z,AZ
SKU0814,Product 0814,662.34,28.0,94.0254,0.0029,0.393,A,1.8667,2.6467,Z,AZ
SKU0692,Product 0692,659.5014,1344.0,250.9214,0.0028,0.3958,A,89.6,0.58,Y,AY
SKU0801,Product 0801,654.1313,419.0,266.7065,0.0028,0.3986,A,27.9333,0.7522,Y,AY
SKU1079,Product 1079,651.7824,432.0,363.0738,0.0028,0.4014,A,28.8,0.9529,Y,AY
SKU0248,Product 0248,635.1824,423.0,213.2901,0.0027,0.4042,A,28.2,1.0382,Z,AZ
SKU0551,Product 0551,626.2931,288.0,230.1752,0.0027,0.4069,A,19.2,2.3319,Z,AZ
SKU0260,Product 0260,624.492,344.0,258.423,0.0027,0.4096,A,22.9333,1.1097,Z,AZ
SKU1524,Product 1524,624.2015,335.0,208.9016,0.0027,0.4123,A,22.3333,0.8174,Y,AY
SKU0634,Product 0634,621.3546,346.0,250.4117,0.0027,0.4149,A,23.0667,0.383,X,AX
SKU0282,Product 0282,614.2664,341.0,216.4764,0.0026,0.4176,A,22.7333,1.5548,Z,AZ
SKU1786,Product 1786,587.0507,148.0,155.8523,0.0025,0.4201,A,9.8667,1.3901,Z,AZ
SKU0711,Product 0711,581.5063,793.0,239.0442,0.0025,0.4226,A,52.8667,0.3594,X,AX
SKU1068,Product 1068,578.4436,464.0,264.2381,0.0025,0.4251,A,30.9333,0.8368,Y,AY
SKU0861,Product 0861,574.7916,1185.0,118.3232,0.0025,0.4276,A,79.0,1.4609,Z,AZ
SKU0070,Product 0070,560.8559,359.0,228.8347,0.0024,0.43,A,23.9333,0.706,Y,AY
SKU0398,Product 0398,560.3496,236.0,216.8367,0.0024,0.4324,A,15.7333,0.8573,Y,AY
SKU1629,Product 1629,559.8516,6746.0,-0.0664,0.0024,0.4349,A,449.7333,0.3861,X,AX
SKU0703,Product 0703,558.9552,569.0,257.1309,0.0024,0.4373,A,37.9333,0.8082,Y,AY
SKU1202,Product 1202,557.76,237.0,159.7001,0.0024,0.4397,A,15.8,1.0897,Z,AZ
SKU1228,Product 1228,555.5356,471.0,168.5254,0.0024,0.4421,A,31.4,1.322,Z,AZ
SKU1394,Product 1394,554.1661,274.0,252.0035,0.0024,0.4445,A,18.2667,0.7091,Y,AY
SKU1332,Product 1332,551.1532,419.0,209.1052,0.0024,0.4468,A,27.9333,0.2765,X,AX
SKU1237,Product 1237,545.9906,457.0,217.6057,0.0024,0.4492,A,30.4667,0.4865,X,AX
SKU0800,Product 0800,545.3266,176.0,227.9621,0.0024,0.4515,A,11.7333,0.9022,Y,AY
SKU1735,Product 1735,540.6786,367.0,268.5846,0.0023,0.4539,A,24.4667,1.5964,Z,AZ
SKU1613,Product 1613,534.6445,409.0,165.0025,0.0023,0.4562,A,27.2667,0.5905,Y,AY
SKU0081,Product 0081,534.52,428.0,168.6044,0.0023,0.4585,A,28.5333,0.5051,Y,AY
SKU1369,Product 1369,534.188,1474.0,-399.208,0.0023,0.4608,A,98.2667,1.5259,Z,AZ
SKU0904,Product 0904,525.8797,61.0,175.121,0.0023,0.4631,A,4.0667,1.2759,Z,AZ
SKU0712,Product 0712,524.2695,425.0,293.534,0.0023,0.4653,A,28.3333,0.5785,Y,AY
SKU0713,Product 0713,523.8379,425.0,292.7381,0.0023,0.4676,A,28.3333,0.4096,X,AX
SKU0100,Product 0100,517.1979,2340.0,243.2402,0.0022,0.4698,A,156.0,1.0498,Z,AZ
SKU1616,Product 1616,515.8616,372.0,170.3361,0.0022,0.472,A,24.8,0.3743,X,AX
SKU0802,Product 0802,512.3673,329.0,208.4033,0.0022,0.4742,A,21.9333,0.7273,Y,AY
SKU0984,Product 0984,509.0971,258.0,175.0068,0.0022,0.4764,A,17.2,1.199,Z,AZ
SKU1051,Product 1051,508.4248,386.0,235.8529,0.0022,0.4786,A,25.7333,1.1745,Z,AZ
SKU1234,Product 1234,507.6031,271.0,270.7412,0.0022,0.4808,A,18.0667,0.597,Y,AY
SKU0665,Product 0665,501.4279,122.0,159.2841,0.0022,0.483,A,8.1333,1.7628,Z,AZ
SKU0815,Product 0815,500.49,64.0,63.865,0.0022,0.4851,A,4.2667,2.5864,Z,AZ
SKU1663,Product 1663,495.1946,299.0,93.7137,0.0021,0.4873,A,19.9333,0.734,Y,AY
SKU1664,Product 1664,495.1531,218.0,154.1192,0.0021,0.4894,A,14.5333,0.8443,Y,AY
SKU0708,Product 0708,480.6696,489.0,209.3223,0.0021,0.4915,A,32.6,0.5376,Y,AY
SKU1009,Product 1009,477.1587,354.0,226.7131,0.0021,0.4935,A,23.6,0.6935,Y,AY
SKU1697,Product 1697,476.5777,399.0,189.7648,0.0021,0.4956,A,26.6,1.4035,Z,AZ
SKU1687,Product 1687,470.0954,768.0,111.9859,0.002,0.4976,A,51.2,1.0979,Z,AZ
SKU1408,Product 1408,469.282,288.0,159.4853,0.002,0.4996,A,19.2,0.6521,Y,AY
SKU1614,Product 1614,461.8203,335.0,151.1278,0.002,0.5016,A,22.3333,0.4082,X,AX
SKU0476,Product 0476,454.6906,399.0,162.2614,0.002,0.5036,A,26.6,0.5527,Y,AY
SKU1723,Product 1723,452.682,143.0,140.7411,0.002,0.5056,A,9.5333,1.0886,Z,AZ
SKU0698,Product 0698,450.7149,241.0,218.1145,0.0019,0.5075,A,16.0667,0.6921,Y,AY
SKU1443,Product 1443,450.3829,500.0,139.4826,0.0019,0.5094,A,33.3333,1.1577,Z,AZ
SKU0702,Product 0702,449.9845,394.0,225.3751,0.0019,0.5114,A,26.2667,0.7612,Y,AY
SKU0228,Product 0228,447.3036,1976.0,241.8124,0.0019,0.5133,A,131.7333,1.499,Z,AZ
SKU1089,Product 1089,446.1582,460.0,155.0247,0.0019,0.5152,A,30.6667,0.9579,Y,AY
SKU0583,Product 0583,445.7764,5620.0,219.3107,0.0019,0.5172,A,374.6667,1.2405,Z,AZ
SKU0451,Product 0451,444.3156,274.0,233.5688,0.0019,0.5191,A,18.2667,0.692,Y,AY
SKU1607,Product 1607,439.3439,334.0,133.5687,0.0019,0.521,A,22.2667,0.3835,X,AX
SKU1425,Product 1425,439.319,268.0,151.2951,0.0019,0.5229,A,17.8667,0.7398,Y,AY
SKU1678,Product 1678,438.738,2348.0,-316.3079,0.0019,0.5248,A,156.5333,1.5521,Z,AZ
SKU0352,Product 0352,437.5926,295.0,177.6876,0.0019,0.5266,A,19.6667,1.8176,Z,AZ
SKU0954,Product 0954,436.0322,43.0,109.34,0.0019,0.5285,A,2.8667,1.5083,Z,AZ
SKU1767,Product 1767,432.2474,203.0,201.8824,0.0019,0.5304,A,13.5333,0.9446,Y,AY
SKU0902,Product 0902,430.2222,34.0,174.9028,0.0019,0.5322,A,2.2667,1.4486,Z,AZ
SKU0153,Product 0153,424.213,1204.0,189.4477,0.0018,0.5341,A,80.2667,0.6819,Y,AY
SKU1789,Product 1789,416.826,239.0,18.7582,0.0018,0.5359,A,15.9333,1.4981,Z,AZ
SKU0518,Product 0518,412.3772,738.0,168.346,0.0018,0.5376,A,49.2,1.0139,Z,AZ
SKU1249,Product 1249,410.352,553.0,152.0995,0.0018,0.5394,A,36.8667,0.7582,Y,AY
SKU0950,Product 0950,408.858,832.0,185.4679,0.0018,0.5412,A,55.4667,0.7693,Y,AY
SKU0640,Product 0640,407.5632,250.0,173.7873,0.0018,0.5429,A,16.6667,0.4511,X,AX
SKU1370,Product 1370,406.2435,500.0,125.2096,0.0018,0.5447,A,33.3333,0.7264,Y,AY
SKU0494,Product 0494,404.8076,158.0,164.6718,0.0017,0.5464,A,10.5333,1.1911,Z,AZ
SKU1366,Product 1366,404.21,1259.0,-382.1308,0.0017,0.5482,A,83.9333,2.0179,Z,AZ
SKU1728,Product 1728,402.633,131.0,124.2842,0.0017,0.5499,A,8.7333,1.091,Z,AZ
SKU1788,Product 1788,398.6905,238.0,5.4612,0.0017,0.5516,A,15.8667,1.6469,Z,AZ
SKU1592,Product 1592,396.6404,346.0,134.6287,0.0017,0.5533,A,23.0667,0.6046,Y,AY
SKU1236,Product 1236,395.5365,335.0,155.554,0.0017,0.555,A,22.3333,0.7113,Y,AY
SKU1410,Product 1410,394.25,241.0,134.3074,0.0017,0.5567,A,16.0667,0.5779,Y,AY
SKU1611,Product 1611,393.5279,297.0,121.0712,0.0017,0.5584,A,19.8,0.4299,X,AX
SKU1364,Product 1364,391.9675,192.0,155.412,0.0017,0.5601,A,12.8,1.0696,Z,AZ
SKU1594,Product 1594,390.6644,341.0,132.2362,0.0017,0.5618,A,22.7333,0.7082,Y,AY
SKU0939,Product 0939,386.5393,22.0,57.1812,0.0017,0.5635,A,1.4667,1.2851,Z,AZ
SKU0063,Product 0063,386.448,236.0,161.8696,0.0017,0.5652,A,15.7333,2.3267,Z,AZ
SKU0519,Product 0519,383.8584,1345.0,173.6879,0.0017,0.5668,A,89.6667,0.6385,Y,AY
SKU1764,Product 1764,379.9159,178.0,182.4953,0.0016,0.5684,A,11.8667,1.1265,Z,AZ
SKU0898,Product 0898,375.2596,54.0,122.0039,0.0016,0.5701,A,3.6,1.5776,Z,AZ
SKU1727,Product 1727,374.247,120.0,118.6475,0.0016,0.5717,A,8.0,1.3254,Z,AZ
SKU1722,Product 1722,374.0976,1245.0,174.5674,0.0016,0.5733,A,83.0,2.1605,Z,AZ
SKU0710,Product 0710,371.2258,414.0,168.8017,0.0016,0.5749,A,27.6,0.653,Y,AY
SKU0121,Product 0121,370.3128,188.0,168.8628,0.0016,0.5765,A,12.5333,0.7136,Y,AY
SKU1270,Product 1270,362.5938,252.0,138.3544,0.0016,0.5781,A,16.8,0.728,Y,AY
SKU1510,Product 1510,360.8591,486.0,106.3641,0.0016,0.5796,A,32.4,0.8468,Y,AY
SKU0119,Product 0119,358.8588,242.0,165.9847,0.0015,0.5812,A,16.1333,0.904,Y,AY
SKU1301,Product 1301,357.7632,81.0,108.9233,0.0015,0.5827,A,5.4,1.1666,Z,AZ
SKU0232,Product 0232,357.73,579.0,211.6053,0.0015,0.5842,A,38.6,1.3561,Z,AZ
SKU1088,Product 1088,357.149,478.0,113.9788,0.0015,0.5858,A,31.8667,0.4317,X,AX
SKU1598,Product 1598,355.4558,143.0,93.0359,0.0015,0.5873,A,9.5333,1.207,Z,AZ
SKU0933,Product 0933,354.4183,40.0,101.892,0.0015,0.5888,A,2.6667,1.4079,Z,AZ
SKU1716,Product 1716,353.3642,291.0,142.9512,0.0015,0.5904,A,19.4,1.2002,Z,AZ
SKU1537,Product 1537,351.837,287.0,145.5818,0.0015,0.5919,A,19.1333,1.6069,Z,AZ
SKU1513,Product 1513,349.4051,471.0,104.2591,0.0015,0.5934,A,31.4,0.5156,Y,AY
SKU0015,Product 0015,349.347,144.0,138.3106,0.0015,0.5949,A,9.6,1.2671,Z,AZ
SKU0637,Product 0637,346.2345,234.0,187.3767,0.0015,0.5964,A,15.6,1.1335,Z,AZ
SKU1030,Product 1030,345.197,506.0,55.7996,0.0015,0.5979,A,33.7333,1.4334,Z,AZ
SKU0905,Product 0905,345.1389,17.0,88.9921,0.0015,0.5994,A,1.1333,1.7605,Z,AZ
SKU0821,Product 0821,345.031,2182.0,142.1871,0.0015,0.6009,A,145.4667,1.5594,Z,AZ
SKU1328,Product 1328,344.9895,249.0,123.2193,0.0015,0.6023,A,16.6,2.6529,Z,AZ
SKU0152,Product 0152,342.0264,961.0,158.0718,0.0015,0.6038,A,64.0667,0.396,X,AX
SKU1274,Product 1274,341.6944,216.0,98.3846,0.0015,0.6053,A,14.4,0.5903,Y,AY
SKU0145,Product 0145,341.1466,959.0,157.5494,0.0015,0.6068,A,63.9333,0.4904,X,AX
SKU1436,Product 1436,335.984,1520.0,157.5824,0.0014,0.6082,A,101.3333,0.6244,Y,AY
SKU0709,Product 0709,332.83,404.0,188.3078,0.0014,0.6097,A,26.9333,0.8551,Y,AY
SKU0325,Product 0325,331.3692,239.0,95.688,0.0014,0.6111,A,15.9333,0.7873,Y,AY
SKU0707,Product 0707,330.0827,1191.0,59.5835,0.0014,0.6125,A,79.4,1.9103,Z,AZ
SKU0174,Product 0174,329.9251,218.0,178.1578,0.0014,0.6139,A,14.5333,1.5117,Z,AZ
SKU1618,Product 1618,328.4227,304.0,98.1628,0.0014,0.6153,A,20.2667,0.7533,Y,AY
SKU1719,Product 1719,328.3314,108.0,107.9126,0.0014,0.6168,A,7.2,2.4813,Z,AZ
SKU0863,Product 0863,325.941,549.0,25.9028,0.0014,0.6182,A,36.6,1.7779,Z,AZ
SKU1420,Product 1420,325.7003,384.0,93.0516,0.0014,0.6196,A,25.6,0.4852,X,AX
SKU0982,Product 0982,322.6542,269.0,129.6087,0.0014,0.621,A,17.9333,1.4474,Z,AZ
SKU1424,Product 1424,318.0228,1294.0,161.1232,0.0014,0.6223,A,86.2667,0.6133,Y,AY
SKU1546,Product 1546,317.1596,432.0,92.9931,0.0014,0.6237,A,28.8,0.7619,Y,AY
SKU0139,Product 0139,311.084,191.0,108.3157,0.0013,0.625,A,12.7333,1.0467,Z,AZ
SKU0154,Product 0154,309.5402,225.0,174.9271,0.0013,0.6264,A,15.0,0.7471,Y,AY
SKU0157,Product 0157,307.7889,342.0,127.0268,0.0013,0.6277,A,22.8,0.7987,Y,AY
SKU1482,Product 1482,307.6395,251.0,114.8163,0.0013,0.629,A,16.7333,0.5866,Y,AY
SKU1305,Product 1305,306.27,154.0,143.4637,0.0013,0.6304,A,10.2667,1.3347,Z,AZ
SKU1460,Product 1460,306.1206,283.0,87.2031,0.0013,0.6317,A,18.8667,0.9701,Y,AY
SKU0660,Product 0660,305.7886,144.0,132.2017,0.0013,0.633,A,9.6,1.5007,Z,AZ
SKU1048,Product 1048,305.523,247.0,141.8272,0.0013,0.6343,A,16.4667,0.8818,Y,AY
SKU1367,Product 1367,305.191,963.0,-295.6832,0.0013,0.6356,A,64.2,2.0473,Z,AZ
SKU0574,Product 0574,304.8507,40.0,91.1357,0.0013,0.6369,A,2.6667,3.1746,Z,AZ
SKU1398,Product 1398,304.6017,1240.0,154.1065,0.0013,0.6383,A,82.6667,0.6258,Y,AY
SKU1512,Product 1512,304.3112,421.0,90.2476,0.0013,0.6396,A,28.0667,0.8697,Y,AY
SKU1765,Product 1765,304.278,143.0,153.9965,0.0013,0.6409,A,9.5333,1.1992,Z,AZ
SKU1724,Product 1724,303.116,96.0,93.8529,0.0013,0.6422,A,6.4,1.5701,Z,AZ
SKU0455,Product 0455,302.3856,615.0,112.6924,0.0013,0.6435,A,41.0,1.4864,Z,AZ
SKU1651,Product 1651,302.0785,70.0,106.4961,0.0013,0.6448,A,4.6667,1.4183,Z,AZ
SKU1492,Product 1492,298.9992,304.0,105.8775,0.0013,0.6461,A,20.2667,0.7066,Y,AY
SKU0831,Product 0831,297.0902,653.0,128.4849,0.0013,0.6474,A,43.5333,1.0063,Z,AZ
SKU0906,Product 0906,293.7702,132.0,143.7845,0.0013,0.6486,A,8.8,2.6515,Z,AZ
SKU1621,Product 1621,292.9651,120.0,72.7846,0.0013,0.6499,A,8.0,1.1486,Z,AZ
SKU1597,Product 1597,292.5335,119.0,88.8074,0.0013,0.6512,A,7.9333,1.2912,Z,AZ
SKU0148,Product 0148,291.0644,324.0,120.3793,0.0013,0.6524,A,21.6,0.939,Y,AY
SKU0806,Product 0806,289.6368,223.0,172.496,0.0012,0.6537,A,14.8667,1.0096,Z,AZ
SKU0441,Product 0441,289.0973,3012.0,160.1405,0.0012,0.6549,A,200.8,1.151,Z,AZ
SKU1642,Product 1642,289.006,240.0,80.4673,0.0012,0.6562,A,16.0,0.9484,Y,AY
SKU0989,Product 0989,288.093,118.0,100.1163,0.0012,0.6574,A,7.8667,1.7322,Z,AZ
SKU0064,Product 0064,287.2464,320.0,112.571,0.0012,0.6586,A,21.3333,0.7326,Y,AY
SKU0122,Product 0122,286.682,159.0,142.3409,0.0012,0.6599,A,10.6,0.7218,Y,AY
SKU0477,Product 0477,286.101,347.0,137.0443,0.0012,0.6611,A,23.1333,1.8147,Z,AZ
SKU1329,Product 1329,285.2461,190.0,107.1982,0.0012,0.6623,A,12.6667,1.1563,Z,AZ
SKU1641,Product 1641,284.2335,236.0,78.9702,0.0012,0.6636,A,15.7333,0.8145,Y,AY
SKU1608,Product 1608,283.6774,258.0,74.647,0.0012,0.6648,A,17.2,1.2894,Z,AZ
SKU1643,Product 1643,283.611,236.0,78.5958,0.0012,0.666,A,15.7333,0.9444,Y,AY
SKU1649,Product 1649,282.7478,145.0,85.2771,0.0012,0.6672,A,9.6667,0.3784,X,AX
SKU0553,Product 0553,282.3328,215.0,92.0626,0.0012,0.6684,A,14.3333,1.4348,Z,AZ
SKU1700,Product 1700,281.8348,270.0,95.068,0.0012,0.6697,A,18.0,1.799,Z,AZ
SKU0883,Product 0883,281.6439,1828.0,98.1682,0.0012,0.6709,A,121.8667,1.7267,Z,AZ
SKU0438,Product 0438,279.8926,3348.0,137.9522,0.0012,0.6721,A,223.2,1.8426,Z,AZ
SKU1648,Product 1648,278.2824,146.0,80.5436,0.0012,0.6733,A,9.7333,0.5805,Y,AY
SKU0125,Product 0125,274.2652,152.0,138.8631,0.0012,0.6745,A,10.1333,0.7173,Y,AY
SKU0094,Product 0094,273.6261,305.0,107.1436,0.0012,0.6756,A,20.3333,0.5066,Y,AY
SKU1645,Product 1645,271.8333,115.0,106.4062,0.0012,0.6768,A,7.6667,1.1569,Z,AZ
SKU0155,Product 0155,268.0568,194.0,151.7653,0.0012,0.678,A,12.9333,0.7143,Y,AY
SKU0124,Product 0124,267.3264,148.0,140.5561,0.0012,0.6791,A,9.8667,0.9007,Y,AY
SKU0182,Product 0182,266.8118,4283.0,133.3266,0.0012,0.6803,A,285.5333,1.1069,Z,AZ
SKU1102,Product 1102,266.43,126.0,23.589,0.0011,0.6814,A,8.4,0.8097,Y,AY
SKU1014,Product 1014,263.7408,207.0,123.7358,0.0011,0.6826,A,13.8,1.0292,Z,AZ
SKU0417,Product 0417,263.442,108.0,102.7965,0.0011,0.6837,A,7.2,2.0568,Z,AZ
SKU0087,Product 0087,262.446,293.0,102.5638,0.0011,0.6848,A,19.5333,0.6097,Y,AY
SKU0654,Product 0654,262.031,145.0,155.7146,0.0011,0.686,A,9.6667,0.7185,Y,AY
SKU1253,Product 1253,261.8899,185.0,101.4864,0.0011,0.6871,A,12.3333,0.9829,Y,AY
SKU0983,Product 0983,260.6615,220.0,104.4236,0.0011,0.6882,A,14.6667,1.2139,Z,AZ
SKU1543,Product 1543,258.8023,158.0,82.4827,0.0011,0.6893,A,10.5333,0.6099,Y,AY
SKU1721,Product 1721,256.719,96.0,97.868,0.0011,0.6904,A,6.4,1.9674,Z,AZ
SKU0098,Product 0098,256.387,1544.0,92.5818,0.0011,0.6915,A,102.9333,1.6345,Z,AZ
SKU1271,Product 1271,255.64,142.0,85.1683,0.0011,0.6926,A,9.4667,0.7924,Y,AY
SKU0086,Product 0086,255.4076,284.0,100.7794,0.0011,0.6937,A,18.9333,0.7279,Y,AY
SKU1049,Product 1049,252.237,205.0,129.9661,0.0011,0.6948,A,13.6667,0.7697,Y,AY
SKU1701,Product 1701,246.8752,234.0,84.5042,0.0011,0.6959,A,15.6,0.7392,Y,AY
SKU0200,Product 0200,243.0738,164.0,93.323,0.001,0.6969,A,10.9333,1.9109,Z,AZ
SKU0007,Product 0007,242.5094,421.0,107.6994,0.001,0.698,A,28.0667,0.3403,X,AX
SKU0044,Product 0044,242.4015,97.0,35.3991,0.001,0.699,A,6.4667,1.283,Z,AZ
SKU1731,Product 1731,241.862,83.0,64.8474,0.001,0.7001,A,5.5333,1.7292,Z,AZ
SKU1050,Product 1050,241.53,195.0,132.2818,0.001,0.7011,A,13.0,0.7559,Y,AY
SKU0452,Product 0452,241.0154,190.0,80.0587,0.001,0.7022,A,12.6667,1.3016,Z,AZ
SKU0807,Product 0807,240.6336,184.0,143.6593,0.001,0.7032,A,12.2667,0.9795,Y,AY
SKU0474,Product 0474,238.5005,582.0,92.1898,0.001,0.7042,A,38.8,0.3992,X,AX
SKU1518,Product 1518,237.4215,349.0,58.9227,0.001,0.7053,A,23.2667,0.8827,Y,AY
SKU1593,Product 1593,235.8528,212.0,69.8613,0.001,0.7063,A,14.1333,1.08,Z,AZ
SKU0426,Product 0426,235.305,108.0,80.1044,0.001,0.7073,A,7.2,1.4738,Z,AZ
SKU1725,Product 1725,235.222,84.0,57.9243,0.001,0.7083,A,5.6,1.3713,Z,AZ
SKU1066,Product 1066,235.1888,195.0,91.7372,0.001,0.7093,A,13.0,1.4145,Z,AZ
SKU0010,Product 0010,234.4086,1426.0,168.5719,0.001,0.7103,A,95.0667,1.144,Z,AZ
SKU0556,Product 0556,234.3339,19.0,83.6267,0.001,0.7113,A,1.2667,1.2823,Z,AZ
SKU0001,Product 0001,233.23,1192.0,136.884,0.001,0.7123,A,79.4667,0.7562,Y,AY
SKU1694,Product 1694,232.815,191.0,78.3707,0.001,0.7133,A,12.7333,1.963,Z,AZ
SKU1432,Product 1432,230.7234,156.0,71.2392,0.001,0.7143,A,10.4,0.6719,Y,AY
SKU0682,Product 0682,229.578,318.0,84.8507,0.001,0.7153,A,21.2,0.7847,Y,AY
SKU0384,Product 0384,227.7935,50.0,101.6411,0.001,0.7163,A,3.3333,2.6608,Z,AZ
SKU0738,Product 0738,227.3868,153.0,85.5929,0.001,0.7173,A,10.2,2.8425,Z,AZ
SKU0189,Product 0189,227.2623,2768.0,110.5864,0.001,0.7183,A,184.5333,1.2165,Z,AZ
SKU1547,Product 1547,227.171,282.0,94.2648,0.001,0.7193,A,18.8,1.3407,Z,AZ
SKU1033,Product 1033,226.9386,197.0,83.772,0.001,0.7202,A,13.1333,1.2361,Z,AZ
SKU1509,Product 1509,226.4074,314.0,63.4173,0.001,0.7212,A,20.9333,0.5028,Y,AY
SKU0095,Product 0095,225.7849,252.0,88.4899,0.001,0.7222,A,16.8,0.5807,Y,AY
SKU0613,Product 0613,225.7766,197.0,73.2352,0.001,0.7232,A,13.1333,0.7303,Y,AY
SKU0108,Product 0108,224.8719,250.0,88.2981,0.001,0.7241,A,16.6667,0.7199,Y,AY
SKU1599,Product 1599,224.7557,96.0,62.797,0.001,0.7251,A,6.4,1.3721,Z,AZ
SKU1444,Product 1444,224.5648,254.0,68.0085,0.001,0.7261,A,16.9333,0.5857,Y,AY
SKU1549,Product 1549,224.0502,198.0,78.061,0.001,0.727,A,13.2,0.9824,Y,AY
SKU0959,Product 0959,223.3032,47.0,78.658,0.001,0.728,A,3.1333,2.7211,Z,AZ
SKU0679,Product 0679,222.7554,145.0,107.4331,0.001,0.729,A,9.6667,0.8152,Y,AY
SKU1644,Product 1644,222.3736,41.0,65.25,0.001,0.7299,A,2.7333,1.169,Z,AZ
SKU1511,Product 1511,222.1661,302.0,63.9114,0.001,0.7309,A,20.1333,0.6341,Y,AY
SKU1062,Product 1062,222.025,1593.0,98.4401,0.001,0.7318,A,106.2,1.4116,Z,AZ
SKU0846,Product 0846,222.0167,160.0,93.1493,0.001,0.7328,A,10.6667,0.9459,Y,AY
SKU1763,Product 1763,221.527,92.0,179.0375,0.001,0.7337,A,6.1333,0.4219,X,AX
SKU1435,Product 1435,220.1492,250.0,69.3004,0.0009,0.7347,A,16.6667,0.4899,X,AX
SKU0147,Product 0147,218.9955,243.0,94.3364,0.0009,0.7356,A,16.2,0.7763,Y,AY
SKU1677,Product 1677,218.954,376.0,69.8997,0.0009,0.7366,A,25.0667,2.3433,Z,AZ
SKU0030,Product 0030,218.8295,444.0,140.4387,0.0009,0.7375,A,29.6,1.183,Z,AZ
SKU0045,Product 0045,218.7465,83.0,39.5136,0.0009,0.7385,A,5.5333,1.4113,Z,AZ
SKU0728,Product 0728,218.0742,96.0,90.2094,0.0009,0.7394,A,6.4,1.066,Z,AZ
SKU0907,Product 0907,217.7505,18.0,56.8732,0.0009,0.7403,A,1.2,1.972,Z,AZ
SKU0725,Product 0725,216.63,94.0,93.1699,0.0009,0.7413,A,6.2667,1.1323,Z,AZ
SKU0582,Product 0582,216.464,544.0,125.1229,0.0009,0.7422,A,36.2667,0.3429,X,AX
SKU0123,Product 0123,216.0158,189.0,105.1805,0.0009,0.7431,A,12.6,2.109,Z,AZ
SKU0899,Product 0899,215.5344,437.0,105.3461,0.0009,0.7441,A,29.1333,0.3269,X,AX
SKU1506,Product 1506,214.9866,203.0,75.9631,0.0009,0.745,A,13.5333,0.7744,Y,AY
SKU0858,Product 0858,214.9285,346.0,68.795,0.0009,0.7459,A,23.0667,1.6109,Z,AZ
SKU1732,Product 1732,214.7376,121.0,70.7379,0.0009,0.7469,A,8.0667,1.3437,Z,AZ
SKU1521,Product 1521,214.638,131.0,76.325,0.0009,0.7478,A,8.7333,1.0255,Z,AZ
SKU1418,Product 1418,214.0072,358.0,78.1394,0.0009,0.7487,A,23.8667,0.9394,Y,AY
SKU1734,Product 1734,212.8784,145.0,103.9309,0.0009,0.7496,A,9.6667,1.4897,Z,AZ
SKU1072,Product 1072,211.5753,91.0,90.5623,0.0009,0.7505,A,6.0667,2.0048,Z,AZ
SKU0462,Product 0462,210.737,604.0,92.0711,0.0009,0.7514,A,40.2667,1.5256,Z,AZ
SKU1558,Product 1558,210.4631,282.0,62.0601,0.0009,0.7524,A,18.8,1.0765,Z,AZ
SKU0845,Product 0845,210.239,152.0,87.9128,0.0009,0.7533,A,10.1333,0.7911,Y,AY
SKU0061,Product 0061,209.907,289.0,71.4382,0.0009,0.7542,A,19.2667,1.0514,Z,AZ
SKU1419,Product 1419,209.5584,324.0,69.8661,0.0009,0.7551,A,21.6,0.7448,Y,AY
SKU1368,Product 1368,209.243,697.0,-252.2226,0.0009,0.756,A,46.4667,1.8776,Z,AZ
SKU0463,Product 0463,207.1929,423.0,100.6283,0.0009,0.7569,A,28.2,0.5363,Y,AY
SKU1325,Product 1325,206.5704,149.0,73.8396,0.0009,0.7578,A,9.9333,3.2777,Z,AZ
SKU1324,Product 1324,206.1471,149.0,73.4974,0.0009,0.7586,A,9.9333,2.4999,Z,AZ
SKU0166,Product 0166,206.089,138.0,108.9309,0.0009,0.7595,A,9.2,0.7083,Y,AY
SKU1031,Product 1031,205.84,80.0,58.4301,0.0009,0.7604,A,5.3333,2.2429,Z,AZ
SKU1680,Product 1680,204.844,154.0,73.5861,0.0009,0.7613,A,10.2667,0.7312,Y,AY
SKU0041,Product 0041,204.18,85.0,24.0062,0.0009,0.7622,A,5.6667,1.2202,Z,AZ
SKU1297,Product 1297,204.0472,90.0,74.1695,0.0009,0.7631,A,6.0,1.5079,Z,AZ
SKU0444,Product 0444,203.9725,571.0,119.5004,0.0009,0.7639,A,38.0667,1.1611,Z,AZ
SKU0917,Product 0917,202.8852,206.0,85.1391,0.0009,0.7648,A,13.7333,1.1282,Z,AZ
SKU0641,Product 0641,201.856,77.0,70.5901,0.0009,0.7657,A,5.1333,2.38,Z,AZ
SKU0526,Product 0526,201.3912,136.0,79.7575,0.0009,0.7666,A,9.0667,2.2112,Z,AZ
SKU1081,Product 1081,200.0715,162.0,100.6432,0.0009,0.7674,A,10.8,1.5565,Z,AZ
SKU1174,Product 1174,199.7478,276.0,90.4764,0.0009,0.7683,A,18.4,0.4882,X,AX
SKU0091,Product 0091,199.4905,224.0,77.5381,0.0009,0.7691,A,14.9333,0.3381,X,AX
SKU1446,Product 1446,197.7143,219.0,62.0218,0.0009,0.77,A,14.6,0.3432,X,AX
SKU0165,Product 0165,196.959,134.0,103.228,0.0008,0.7708,A,8.9333,0.7334,Y,AY
SKU1461,Product 1461,195.6144,199.0,66.1284,0.0008,0.7717,A,13.2667,0.6654,Y,AY
SKU0986,Product 0986,194.9172,153.0,67.1757,0.0008,0.7725,A,10.2,1.1241,Z,AZ
SKU1783,Product 1783,194.9172,17.199,67.2569,0.0008,0.7734,A,1.1466,2.8063,Z,AZ
SKU1082,Product 1082,193.5975,158.0,97.6255,0.0008,0.7742,A,10.5333,0.9245,Y,AY
SKU0053,Product 0053,192.9999,120.0,59.9421,0.0008,0.775,A,8.0,0.6928,Y,AY
SKU0657,Product 0657,191.4561,24.0,65.5572,0.0008,0.7759,A,1.6,1.0774,Z,AZ
SKU0554,Product 0554,190.6344,74.0,65.291,0.0008,0.7767,A,4.9333,1.2899,Z,AZ
SKU0405,Product 0405,190.485,129.0,73.0845,0.0008,0.7775,A,8.6,1.7595,Z,AZ
SKU1736,Product 1736,189.8874,129.0,92.0295,0.0008,0.7783,A,8.6,1.4151,Z,AZ
SKU0498,Product 0498,189.8542,201.0,83.4849,0.0008,0.7791,A,13.4,1.0035,Z,AZ
SKU0042,Product 0042,189.3645,69.0,38.9993,0.0008,0.78,A,4.6,1.7752,Z,AZ
SKU1298,Product 1298,187.9784,60.0,94.3249,0.0008,0.7808,A,4.0,3.4795,Z,AZ
SKU0956,Product 0956,187.663,19.0,55.7536,0.0008,0.7816,A,1.2667,1.8265,Z,AZ
SKU0046,Product 0046,186.1026,156.0,40.6168,0.0008,0.7824,A,10.4,1.3027,Z,AZ
SKU0842,Product 0842,185.9947,149.0,70.1857,0.0008,0.7832,A,9.9333,1.4856,Z,AZ
SKU0810,Product 0810,184.1355,776.0,110.5802,0.0008,0.784,A,51.7333,1.2156,Z,AZ
SKU1022,Product 1022,184.094,112.0,85.0173,0.0008,0.7848,A,7.4667,1.3908,Z,AZ
SKU0156,Product 0156,182.5087,201.0,79.4918,0.0008,0.7856,A,13.4,0.8861,Y,AY
SKU0724,Product 0724,180.0436,77.0,78.4099,0.0008,0.7863,A,5.1333,1.0305,Z,AZ
SKU1319,Product 1319,179.3464,82.0,55.5042,0.0008,0.7871,A,5.4667,0.794,Y,AY
SKU1557,Product 1557,178.0765,156.0,82.7515,0.0008,0.7879,A,10.4,1.2604,Z,AZ
SKU0487,Product 0487,177.288,144.0,73.5265,0.0008,0.7886,A,9.6,2.5642,Z,AZ
SKU0726,Product 0726,177.1552,78.0,75.2125,0.0008,0.7894,A,5.2,0.9371,Y,AY
SKU0844,Product 0844,176.4165,142.0,66.4628,0.0008,0.7902,A,9.4667,1.1755,Z,AZ
SKU0428,Product 0428,175.296,144.0,63.6985,0.0008,0.7909,A,9.6,2.4772,Z,AZ
SKU0209,Product 0209,175.0055,218.0,24.9316,0.0008,0.7917,A,14.5333,1.3586,Z,AZ
SKU1630,Product 1630,174.6735,32.0,49.1485,0.0008,0.7924,A,2.1333,1.4269,Z,AZ
SKU0569,Product 0569,174.632,849.0,133.7159,0.0008,0.7932,A,56.6,2.5601,Z,AZ
SKU0658,Product 0658,174.217,212.0,82.9285,0.0008,0.7939,A,14.1333,1.4863,Z,AZ
SKU1715,Product 1715,174.1008,134.0,72.5579,0.0008,0.7947,A,8.9333,2.642,Z,AZ
SKU1303,Product 1303,173.885,98.0,71.6713,0.0007,0.7954,A,6.5333,1.3979,Z,AZ
SKU0126,Product 0126,173.47,96.0,78.6777,0.0007,0.7962,A,6.4,0.9259,Y,AY
SKU0764,Product 0764,172.0258,125.0,64.0313,0.0007,0.7969,A,8.3333,1.1042,Z,AZ
SKU0088,Product 0088,171.9179,191.0,67.697,0.0007,0.7977,A,12.7333,0.8823,Y,AY
SKU1660,Product 1660,171.478,172.0,-6.9473,0.0007,0.7984,A,11.4667,1.2939,Z,AZ
SKU1095,Product 1095,170.731,169.0,40.8719,0.0007,0.7991,A,11.2667,1.7456,Z,AZ
SKU1073,Product 1073,169.7101,57.0,49.7988,0.0007,0.7999,A,3.8,1.7376,Z,AZ
SKU0805,Product 0805,169.1872,131.0,100.559,0.0007,0.8006,B,8.7333,0.6753,Y,BY
SKU1717,Product 1717,168.7224,149.0,64.524,0.0007,0.8013,B,9.9333,2.2396,Z,BZ
SKU0317,Product 0317,167.3446,121.0,48.1158,0.0007,0.8021,B,8.0667,1.1886,Z,BZ
SKU0659,Product 0659,167.079,205.0,79.0724,0.0007,0.8028,B,13.6667,1.5634,Z,BZ
SKU0326,Product 0326,166.7802,121.0,47.6708,0.0007,0.8035,B,8.0667,0.9789,Y,BY
SKU1096,Product 1096,165.834,114.0,86.4267,0.0007,0.8042,B,7.6,2.1274,Z,BZ
SKU1427,Product 1427,164.9376,191.0,53.7536,0.0007,0.8049,B,12.7333,0.6907,Y,BY
SKU1619,Product 1619,164.1491,137.0,52.0161,0.0007,0.8056,B,9.1333,0.8689,Y,BY
SKU1544,Product 1544,163.5183,102.0,61.6395,0.0007,0.8063,B,6.8,0.8561,Y,BY
SKU1080,Product 1080,163.427,90.0,88.803,0.0007,0.807,B,6.0,2.4841,Z,BZ
SKU0661,Product 0661,163.344,134.0,76.1207,0.0007,0.8077,B,8.9333,1.5039,Z,BZ
SKU0408,Product 0408,163.2942,110.0,64.4016,0.0007,0.8084,B,7.3333,2.5613,Z,BZ
SKU1688,Product 1688,163.2195,210.0,67.616,0.0007,0.8092,B,14.0,1.5332,Z,BZ
SKU0901,Product 0901,161.85,325.0,47.8585,0.0007,0.8099,B,21.6667,0.4182,X,BX
SKU1098,Product 1098,161.7504,124.0,49.1353,0.0007,0.8105,B,8.2667,2.1384,Z,BZ
SKU0913,Product 0913,161.601,72.0,61.6008,0.0007,0.8112,B,4.8,1.6652,Z,BZ
SKU0741,Product 0741,161.5595,47.0,48.0968,0.0007,0.8119,B,3.1333,1.3852,Z,BZ
SKU0761,Product 0761,161.352,126.0,54.8265,0.0007,0.8126,B,8.4,0.923,Y,BY
SKU1387,Product 1387,161.0283,68.0,88.8187,0.0007,0.8133,B,4.5333,1.8566,Z,BZ
SKU0527,Product 0527,160.605,70.0,50.6929,0.0007,0.814,B,4.6667,1.4683,Z,BZ
SKU1383,Product 1383,160.5386,52.0,55.9798,0.0007,0.8147,B,3.4667,1.7542,Z,BZ
SKU1462,Product 1462,159.9078,162.0,57.7692,0.0007,0.8154,B,10.8,0.6493,Y,BY
SKU1665,Product 1665,159.8165,157.0,69.417,0.0007,0.8161,B,10.4667,1.4412,Z,BZ
SKU1536,Product 1536,159.0944,162.0,59.724,0.0007,0.8168,B,10.8,0.9573,Y,BY
SKU0646,Product 0646,158.945,65.0,48.33,0.0007,0.8175,B,4.3333,1.6473,Z,BZ
SKU1559,Product 1559,158.1067,210.0,47.3273,0.0007,0.8181,B,14.0,1.0802,Z,BZ
SKU0727,Product 0727,157.8826,68.0,68.3444,0.0007,0.8188,B,4.5333,1.3848,Z,BZ
SKU0588,Product 0588,157.866,64.0,48.9351,0.0007,0.8195,B,4.2667,1.9659,Z,BZ
SKU0188,Product 0188,157.1273,175.0,55.7352,0.0007,0.8202,B,11.6667,0.9063,Y,BY
SKU1684,Product 1684,156.538,207.0,55.3496,0.0007,0.8209,B,13.8,1.0172,Z,BZ
SKU1358,Product 1358,155.4175,76.0,59.3672,0.0007,0.8215,B,5.0667,1.1782,Z,BZ
SKU0639,Product 0639,154.9776,79.0,78.1354,0.0007,0.8222,B,5.2667,0.6067,Y,BY
SKU0647,Product 0647,154.629,63.0,47.4282,0.0007,0.8229,B,4.2,1.7338,Z,BZ
SKU0936,Product 0936,153.4338,18.0,40.9687,0.0007,0.8235,B,1.2,1.484,Z,BZ
SKU1235,Product 1235,150.5205,125.0,60.5197,0.0006,0.8242,B,8.3333,0.7152,Y,BY
SKU1561,Product 1561,150.2798,167.0,53.2751,0.0006,0.8248,B,11.1333,2.0224,Z,BZ
SKU1596,Product 1596,150.2549,150.0,36.1278,0.0006,0.8255,B,10.0,1.7956,Z,BZ
SKU0401,Product 0401,150.1885,54.0,60.6133,0.0006,0.8261,B,3.6,1.958,Z,BZ
SKU0096,Product 0096,150.0557,168.0,58.4594,0.0006,0.8268,B,11.2,0.8485,Y,BY
SKU0964,Product 0964,149.5494,45.0,55.0553,0.0006,0.8274,B,3.0,2.8812,Z,BZ
SKU0934,Product 0934,149.0348,17.0,42.0194,0.0006,0.8281,B,1.1333,1.7918,Z,BZ
SKU0542,Product 0542,148.155,72.0,49.3529,0.0006,0.8287,B,4.8,1.8836,Z,BZ
SKU0541,Product 0541,147.9475,72.0,48.6361,0.0006,0.8293,B,4.8,1.6313,Z,BZ
SKU0172,Product 0172,147.9226,129.0,74.6877,0.0006,0.83,B,8.6,1.2476,Z,BZ
SKU0804,Product 0804,147.6736,113.0,88.1394,0.0006,0.8306,B,7.5333,0.6691,Y,BY
SKU0146,Product 0146,147.3084,163.0,63.3624,0.0006,0.8312,B,10.8667,1.3882,Z,BZ
SKU1463,Product 1463,147.3084,150.0,54.765,0.0006,0.8319,B,10.0,0.9243,Y,BY
SKU0169,Product 0169,147.2088,543.0,55.9673,0.0006,0.8325,B,36.2,1.7069,Z,BZ
SKU0431,Product 0431,146.91,60.0,80.1311,0.0006,0.8332,B,4.0,1.9708,Z,BZ
SKU1155,Product 1155,146.3124,74.0,18.8959,0.0006,0.8338,B,4.9333,1.7679,Z,BZ
SKU0065,Product 0065,145.6235,163.0,56.7343,0.0006,0.8344,B,10.8667,0.7984,Y,BY
SKU0047,Product 0047,145.5986,107.0,42.8724,0.0006,0.835,B,7.1333,1.5264,Z,BZ
SKU1744,Product 1744,144.9678,1747.0,-0.0332,0.0006,0.8357,B,116.4667,0.1832,X,BX
SKU1000,Product 1000,144.6856,222.0,61.4073,0.0006,0.8363,B,14.8,0.9993,Y,BY
SKU0043,Product 0043,144.42,59.0,18.9732,0.0006,0.8369,B,3.9333,1.3366,Z,BZ
SKU0223,Product 0223,144.2042,126.0,63.9099,0.0006,0.8375,B,8.4,1.7788,Z,BZ
SKU1252,Product 1252,143.9054,111.0,48.2075,0.0006,0.8382,B,7.4,0.8785,Y,BY
SKU0092,Product 0092,143.4655,184.0,47.5171,0.0006,0.8388,B,12.2667,1.1456,Z,BZ
SKU1646,Product 1646,142.6936,63.0,43.8689,0.0006,0.8394,B,4.2,1.0269,Z,BZ
SKU0819,Product 0819,142.345,70.0,46.8161,0.0006,0.84,B,4.6667,2.2846,Z,BZ
SKU1507,Product 1507,142.3201,134.0,50.2672,0.0006,0.8406,B,8.9333,1.0699,Z,BZ
SKU1074,Product 1074,142.096,94.0,39.6936,0.0006,0.8412,B,6.2667,1.3026,Z,BZ
SKU1638,Product 1638,142.013,30.0,42.3175,0.0006,0.8418,B,2.0,1.2392,Z,BZ
SKU1639,Product 1639,142.013,30.0,42.3172,0.0006,0.8425,B,2.0,1.5,Z,BZ
SKU1739,Product 1739,141.0336,192.0,54.7723,0.0006,0.8431,B,12.8,1.3087,Z,BZ
SKU1737,Product 1737,140.2866,190.0,54.7844,0.0006,0.8437,B,12.6667,1.284,Z,BZ
SKU0938,Product 0938,140.27,8.0,57.7433,0.0006,0.8443,B,0.5333,2.1102,Z,BZ
SKU1208,Product 1208,140.1704,64.0,49.4438,0.0006,0.8449,B,4.2667,1.008,Z,BZ
SKU0684,Product 0684,140.104,95.0,63.9498,0.0006,0.8455,B,6.3333,1.1302,Z,BZ
SKU0723,Product 0723,140.0542,30.0,42.172,0.0006,0.8461,B,2.0,1.3628,Z,BZ
SKU0496,Product 0496,139.191,56.0,43.8147,0.0006,0.8467,B,3.7333,2.0907,Z,BZ
SKU0544,Product 0544,138.942,95.0,47.1907,0.0006,0.8473,B,6.3333,1.1765,Z,BZ
SKU1738,Product 1738,138.8922,193.0,52.7383,0.0006,0.8479,B,12.8667,1.2008,Z,BZ
SKU1258,Product 1258,138.8507,71.0,38.6864,0.0006,0.8485,B,4.7333,0.8004,Y,BY
SKU0721,Product 0721,138.5851,30.0,41.233,0.0006,0.8491,B,2.0,1.2101,Z,BZ
SKU0220,Product 0220,138.5104,120.0,35.1103,0.0006,0.8497,B,8.0,2.4321,Z,BZ
SKU0722,Product 0722,138.0954,30.0,39.8459,0.0006,0.8503,B,2.0,1.5119,Z,BZ
SKU1378,Product 1378,137.946,15.0,42.7718,0.0006,0.8509,B,1.0,2.1712,Z,BZ
SKU0008,Product 0008,137.6887,256.0,57.6543,0.0006,0.8515,B,17.0667,0.6139,Y,BY
SKU0729,Product 0729,136.7176,59.0,59.0816,0.0006,0.852,B,3.9333,1.4808,Z,BZ
SKU1652,Product 1652,136.452,28.0,44.7373,0.0006,0.8526,B,1.8667,1.3713,Z,BZ
SKU1640,Product 1640,135.6469,29.0,39.5904,0.0006,0.8532,B,1.9333,1.8388,Z,BZ
SKU1781,Product 1781,135.5224,68.0,33.0562,0.0006,0.8538,B,4.5333,1.3153,Z,BZ
SKU0422,Product 0422,135.456,52.0,48.0895,0.0006,0.8544,B,3.4667,1.6709,Z,BZ
SKU0472,Product 0472,135.207,91.0,47.8605,0.0006,0.855,B,6.0667,2.2553,Z,BZ
SKU1523,Product 1523,134.46,135.0,50.5754,0.0006,0.8556,B,9.0,1.2917,Z,BZ
SKU1197,Product 1197,134.2608,68.0,43.8887,0.0006,0.8561,B,4.5333,2.5736,Z,BZ
SKU1666,Product 1666,133.713,121.0,62.2444,0.0006,0.8567,B,8.0667,1.399,Z,BZ
SKU1623,Product 1623,133.3312,44.0,28.6413,0.0006,0.8573,B,2.9333,2.0795,Z,BZ
SKU1400,Product 1400,132.8,51.0,43.6003,0.0006,0.8579,B,3.4,1.7464,Z,BZ
SKU1097,Product 1097,132.385,60.0,40.0349,0.0006,0.8584,B,4.0,2.1192,Z,BZ
SKU0759,Product 0759,132.1775,35.0,39.4894,0.0006,0.859,B,2.3333,3.2302,Z,BZ
SKU1782,Product 1782,132.136,65.0,36.7341,0.0006,0.8596,B,4.3333,1.2779,Z,BZ
SKU1076,Product 1076,131.638,156.0,49.2254,0.0006,0.8601,B,10.4,1.7436,Z,BZ
SKU0946,Product 0946,131.5965,108.0,61.3615,0.0006,0.8607,B,7.2,2.7409,Z,BZ
SKU0277,Product 0277,131.2064,103.0,47.3324,0.0006,0.8613,B,6.8667,1.546,Z,BZ
SKU0323,Product 0323,130.0942,95.0,37.459,0.0006,0.8618,B,6.3333,0.5928,Y,BY
SKU1612,Product 1612,129.0152,120.0,24.3647,0.0006,0.8624,B,8.0,1.4737,Z,BZ
SKU0099,Product 0099,128.9156,144.0,50.4408,0.0006,0.8629,B,9.6,1.2437,Z,BZ
SKU0543,Product 0543,128.6832,96.0,38.0864,0.0006,0.8635,B,6.4,1.1853,Z,BZ
SKU1779,Product 1779,128.4508,65.0,29.0476,0.0006,0.8641,B,4.3333,1.3587,Z,BZ
SKU0662,Product 0662,128.3678,84.0,40.7756,0.0006,0.8646,B,5.6,3.1323,Z,BZ
SKU1283,Product 1283,127.5212,203.0,45.2813,0.0005,0.8652,B,13.5333,1.0733,Z,BZ
SKU1617,Product 1617,126.7244,109.0,40.0559,0.0005,0.8657,B,7.2667,0.7103,Y,BY
SKU1067,Product 1067,126.243,101.0,53.3055,0.0005,0.8662,B,6.7333,1.552,Z,BZ
SKU1670,Product 1670,125.828,80.0,45.2993,0.0005,0.8668,B,5.3333,1.7412,Z,BZ
SKU0533,Product 0533,125.247,51.0,40.992,0.0005,0.8673,B,3.4,1.7605,Z,BZ
SKU0270,Product 0270,124.334,43.0,43.9939,0.0005,0.8679,B,2.8667,2.4591,Z,BZ
SKU1784,Product 1784,124.1348,10.623,45.4417,0.0005,0.8684,B,0.7082,2.479,Z,BZ
SKU0483,Product 0483,123.9024,96.0,40.957,0.0005,0.8689,B,6.4,2.2237,Z,BZ
SKU1388,Product 1388,123.836,76.0,35.9817,0.0005,0.8695,B,5.0667,0.8521,Y,BY
SKU0066,Product 0066,123.7115,140.0,47.6896,0.0005,0.87,B,9.3333,1.2558,Z,BZ
SKU1330,Product 1330,123.5372,86.0,46.4846,0.0005,0.8705,B,5.7333,1.4069,Z,BZ
SKU1389,Product 1389,123.504,75.0,36.5391,0.0005,0.8711,B,5.0,0.6969,Y,BY
SKU1574,Product 1574,123.4625,12.0,47.575,0.0005,0.8716,B,0.8,3.873,Z,BZ
SKU0560,Product 0560,121.9353,6.0,32.174,0.0005,0.8721,B,0.4,3.873,Z,BZ
SKU0321,Product 0321,121.9104,88.0,35.5427,0.0005,0.8727,B,5.8667,1.0525,Z,BZ
SKU0818,Product 0818,121.8025,60.0,39.9606,0.0005,0.8732,B,4.0,2.1276,Z,BZ
SKU1158,Product 1158,121.595,57.0,21.6476,0.0005,0.8737,B,3.8,1.4827,Z,BZ
SKU0511,Product 0511,120.5824,96.0,38.2798,0.0005,0.8742,B,6.4,1.2622,Z,BZ
SKU1204,Product 1204,120.101,55.0,40.7393,0.0005,0.8747,B,3.6667,0.9706,Y,BY
SKU0545,Product 0545,119.686,96.0,30.6765,0.0005,0.8753,B,6.4,1.1838,Z,BZ
SKU0910,Product 0910,119.5698,30.0,33.4302,0.0005,0.8758,B,2.0,2.6458,Z,BZ
SKU0929,Product 0929,119.4121,50.0,37.3692,0.0005,0.8763,B,3.3333,2.0114,Z,BZ
SKU0867,Product 0867,119.188,2872.0,44.8339,0.0005,0.8768,B,191.4667,1.5356,Z,BZ
SKU0909,Product 0909,119.1631,30.0,33.1021,0.0005,0.8773,B,2.0,2.5635,Z,BZ
SKU0892,Product 0892,118.9888,91.0,59.9222,0.0005,0.8778,B,6.0667,3.873,Z,BZ
SKU0590,Product 0590,117.5031,15.0,36.7439,0.0005,0.8783,B,1.0,1.5584,Z,BZ
SKU0925,Product 0925,117.5031,15.0,40.6034,0.0005,0.8788,B,1.0,1.4142,Z,BZ
SKU0261,Product 0261,117.4284,53.0,42.3517,0.0005,0.8793,B,3.5333,1.6324,Z,BZ
SKU0812,Product 0812,117.3039,342.0,94.9237,0.0005,0.8799,B,22.8,1.4185,Z,BZ
SKU1620,Product 1620,117.2375,103.0,36.5739,0.0005,0.8804,B,6.8667,1.0222,Z,BZ
SKU0531,Product 0531,117.03,48.0,38.0825,0.0005,0.8809,B,3.2,2.0052,Z,BZ
SKU0283,Product 0283,116.9802,53.0,41.9874,0.0005,0.8814,B,3.5333,1.9072,Z,BZ
SKU1091,Product 1091,116.781,1848.0,6.4882,0.0005,0.8819,B,123.2,2.6227,Z,BZ
SKU0912,Product 0912,116.7229,30.0,31.1346,0.0005,0.8824,B,2.0,2.8785,Z,BZ
SKU1294,Product 1294,116.5818,574.0,51.9009,0.0005,0.8829,B,38.2667,1.7863,Z,BZ
SKU1667,Product 1667,116.366,73.0,44.2199,0.0005,0.8834,B,4.8667,2.52,Z,BZ
SKU0911,Product 0911,116.2415,30.0,30.746,0.0005,0.8839,B,2.0,2.244,Z,BZ
SKU0552,Product 0552,115.2704,89.0,36.8178,0.0005,0.8844,B,5.9333,2.4386,Z,BZ
SKU1671,Product 1671,115.2123,69.0,31.6994,0.0005,0.8849,B,4.6,1.7866,Z,BZ
SKU0985,Product 0985,115.0048,108.0,34.4776,0.0005,0.8854,B,7.2,1.6743,Z,BZ
SKU1633,Product 1633,114.5898,24.0,36.075,0.0005,0.8859,B,1.6,1.8268,Z,BZ
SKU0689,Product 0689,113.1705,91.0,61.4825,0.0005,0.8864,B,6.0667,2.1287,Z,BZ
SKU1205,Product 1205,112.8551,52.0,37.6463,0.0005,0.8868,B,3.4667,1.3303,Z,BZ
SKU1233,Product 1233,112.6725,93.0,43.0082,0.0005,0.8873,B,6.2,1.5557,Z,BZ
SKU0987,Product 0987,112.4816,126.0,29.0107,0.0005,0.8878,B,8.4,1.5971,Z,BZ
SKU0339,Product 0339,111.801,45.0,36.4753,0.0005,0.8883,B,3.0,2.6186,Z,BZ
SKU0952,Product 0952,111.6848,48.0,47.2396,0.0005,0.8888,B,3.2,1.5409,Z,BZ
SKU0530,Product 0530,111.3196,139.0,38.0575,0.0005,0.8893,B,9.2667,0.6219,Y,BY
SKU0320,Product 0320,111.1868,80.0,32.2456,0.0005,0.8897,B,5.3333,1.1376,Z,BZ
SKU0318,Product 0318,111.0457,80.0,32.1315,0.0005,0.8902,B,5.3333,1.0833,Z,BZ
SKU0322,Product 0322,110.4813,80.0,31.6767,0.0005,0.8907,B,5.3333,1.2451,Z,BZ
SKU0932,Product 0932,110.1908,48.0,32.2905,0.0005,0.8912,B,3.2,1.7606,Z,BZ
SKU1668,Product 1668,110.058,69.0,37.213,0.0005,0.8916,B,4.6,2.3995,Z,BZ
SKU0473,Product 0473,109.9418,144.0,-4.6369,0.0005,0.8921,B,9.6,2.6463,Z,BZ
SKU0023,Product 0023,109.726,244.0,2.9812,0.0005,0.8926,B,16.2667,2.3405,Z,BZ
SKU0981,Product 0981,109.6264,169.0,39.3155,0.0005,0.8931,B,11.2667,1.059,Z,BZ
SKU0638,Product 0638,109.56,110.0,26.6232,0.0005,0.8935,B,7.3333,0.9706,Y,BY
SKU1218,Product 1218,109.5102,75.0,41.0046,0.0005,0.894,B,5.0,1.2895,Z,BZ
SKU1542,Product 1542,108.813,67.0,34.4833,0.0005,0.8945,B,4.4667,1.2689,Z,BZ
SKU1243,Product 1243,108.7632,148.0,44.7172,0.0005,0.8949,B,9.8667,2.6085,Z,BZ
SKU1679,Product 1679,108.5225,124.0,4.4971,0.0005,0.8954,B,8.2667,0.9442,Y,BY
SKU0585,Product 0585,108.398,68.0,33.7993,0.0005,0.8959,B,4.5333,1.5706,Z,BZ
SKU1637,Product 1637,108.315,18.0,34.6648,0.0005,0.8963,B,1.2,1.4156,Z,BZ
SKU1464,Product 1464,107.485,39.0,32.0918,0.0005,0.8968,B,2.6,1.3465,Z,BZ
SKU0535,Product 0535,107.2526,93.0,34.97,0.0005,0.8973,B,6.2,1.0367,Z,BZ
SKU1669,Product 1669,107.236,70.0,34.1903,0.0005,0.8977,B,4.6667,2.7174,Z,BZ
SKU1279,Product 1279,106.572,65.0,30.9159,0.0005,0.8982,B,4.3333,2.2385,Z,BZ
SKU0882,Product 0882,106.4973,465.0,49.45,0.0005,0.8987,B,31.0,2.3179,Z,BZ
SKU0486,Product 0486,106.3811,86.0,41.1048,0.0005,0.8991,B,5.7333,1.9112,Z,BZ
SKU1720,Product 1720,106.1736,331.0,49.958,0.0005,0.8996,B,22.0667,1.9283,Z,BZ
SKU1572,Product 1572,105.7752,36.0,32.7131,0.0005,0.9,B,2.4,2.2149,Z,BZ
SKU0127,Product 0127,105.7752,36.0,38.4412,0.0005,0.9005,B,2.4,2.86,Z,BZ
SKU0128,Product 0128,105.4764,36.0,38.2003,0.0005,0.9009,B,2.4,2.499,Z,BZ
SKU0144,Product 0144,105.078,292.0,48.9445,0.0005,0.9014,B,19.4667,1.2614,Z,BZ
SKU0170,Product 0170,104.829,89.0,54.0891,0.0005,0.9018,B,5.9333,1.2875,Z,BZ
SKU0611,Product 0611,104.6962,92.0,33.5859,0.0005,0.9023,B,6.1333,1.097,Z,BZ
SKU0117,Product 0117,104.4638,44.0,42.2466,0.0005,0.9027,B,2.9333,2.4801,Z,BZ
SKU1780,Product 1780,104.1816,51.0,28.0387,0.0004,0.9032,B,3.4,1.1754,Z,BZ
SKU1107,Product 1107,104.0654,434.0,40.9703,0.0004,0.9036,B,28.9333,1.4106,Z,BZ
SKU0129,Product 0129,103.9824,36.0,36.9958,0.0004,0.9041,B,2.4,2.7809,Z,BZ
SKU0716,Product 0716,103.6919,14.0,33.0757,0.0004,0.9045,B,0.9333,1.3101,Z,BZ
SKU1573,Product 1573,103.3848,36.0,30.7855,0.0004,0.905,B,2.4,2.6531,Z,BZ
SKU0871,Product 0871,103.3848,19.0,18.0874,0.0004,0.9054,B,1.2667,2.4143,Z,BZ
SKU0691,Product 0691,103.335,108.0,58.7083,0.0004,0.9059,B,7.2,0.9977,Y,BY
SKU1156,Product 1156,102.7872,44.0,25.0611,0.0004,0.9063,B,2.9333,1.8559,Z,BZ
SKU0536,Product 0536,102.7125,42.0,32.7488,0.0004,0.9068,B,2.8,1.621,Z,BZ
SKU0760,Product 0760,102.6378,59.0,38.6998,0.0004,0.9072,B,3.9333,1.2509,Z,BZ
SKU1761,Product 1761,101.8576,81.0,41.1324,0.0004,0.9076,B,5.4,1.8436,Z,BZ
SKU1726,Product 1726,101.675,36.0,30.603,0.0004,0.9081,B,2.4,2.2811,Z,BZ
SKU0534,Product 0534,101.4426,88.0,33.0663,0.0004,0.9085,B,5.8667,0.8924,Y,BY
SKU1624,Product 1624,101.1687,72.0,27.8055,0.0004,0.909,B,4.8,1.5967,Z,BZ
SKU1626,Product 1626,100.7122,74.0,25.9428,0.0004,0.9094,B,4.9333,1.4445,Z,BZ
SKU0475,Product 0475,100.1312,76.0,36.6584,0.0004,0.9098,B,5.0667,3.3656,Z,BZ
SKU1625,Product 1625,99.7577,72.0,26.6672,0.0004,0.9103,B,4.8,1.6389,Z,BZ
SKU1179,Product 1179,99.0688,40.0,30.0937,0.0004,0.9107,B,2.6667,1.9365,Z,BZ
SKU1306,Product 1306,98.9775,25.0,32.0959,0.0004,0.9111,B,1.6667,1.6613,Z,BZ
SKU0839,Product 0839,98.6538,405.0,41.9095,0.0004,0.9115,B,27.0,3.873,Z,BZ
SKU1631,Product 1631,98.5044,18.0,28.9065,0.0004,0.912,B,1.2,1.702,Z,BZ
SKU1636,Product 1636,98.355,17.0,24.8678,0.0004,0.9124,B,1.1333,1.2419,Z,BZ
SKU1426,Product 1426,97.94,60.0,43.1276,0.0004,0.9128,B,4.0,2.5319,Z,BZ
SKU0034,Product 0034,97.8404,48.0,7.1913,0.0004,0.9132,B,3.2,1.9053,Z,BZ
SKU1711,Product 1711,97.608,75.0,40.7425,0.0004,0.9136,B,5.0,1.7873,Z,BZ
SKU1238,Product 1238,97.5582,125.0,26.9517,0.0004,0.9141,B,8.3333,0.8942,Y,BY
SKU0980,Product 0980,97.5416,210.0,14.1722,0.0004,0.9145,B,14.0,1.1403,Z,BZ
SKU0663,Product 0663,97.3175,48.0,33.4619,0.0004,0.9149,B,3.2,2.845,Z,BZ
SKU1472,Product 1472,96.7365,79.0,39.6863,0.0004,0.9153,B,5.2667,0.8475,Y,BY
SKU0900,Product 0900,96.612,194.0,28.7058,0.0004,0.9157,B,12.9333,1.0704,Z,BZ
SKU0315,Product 0315,96.612,39.0,31.1521,0.0004,0.9162,B,2.6,2.2652,Z,BZ
SKU1402,Product 1402,96.5539,211.0,46.3431,0.0004,0.9166,B,14.0667,2.6753,Z,BZ
SKU1024,Product 1024,96.2136,90.0,30.5286,0.0004,0.917,B,6.0,1.3289,Z,BZ
SKU0236,Product 0236,96.1472,73.0,34.2837,0.0004,0.9174,B,4.8667,2.1924,Z,BZ
SKU0931,Product 0931,95.367,44.0,25.0501,0.0004,0.9178,B,2.9333,1.6474,Z,BZ
SKU0930,Product 0930,94.9105,49.0,18.7892,0.0004,0.9182,B,3.2667,1.7102,Z,BZ
SKU1223,Product 1223,94.8192,48.0,38.6197,0.0004,0.9186,B,3.2,2.0156,Z,BZ
SKU0630,Product 0630,94.205,126.0,31.0764,0.0004,0.919,B,8.4,1.056,Z,BZ
SKU0643,Product 0643,94.122,33.0,31.3014,0.0004,0.9194,B,2.2,2.443,Z,BZ
SKU1224,Product 1224,93.8232,48.0,37.8162,0.0004,0.9198,B,3.2,3.1786,Z,BZ
SKU1632,Product 1632,93.5327,20.0,24.1386,0.0004,0.9203,B,1.3333,1.3195,Z,BZ
SKU1733,Product 1733,93.5078,65.0,20.3815,0.0004,0.9207,B,4.3333,1.557,Z,BZ
SKU0033,Product 0033,93.5078,72.0,-32.1586,0.0004,0.9211,B,4.8,2.0446,Z,BZ
SKU0859,Product 0859,93.292,34.0,21.5078,0.0004,0.9215,B,2.2667,2.1771,Z,BZ
SKU0413,Product 0413,93.2256,63.0,36.3023,0.0004,0.9219,B,4.2,2.6623,Z,BZ
SKU0636,Product 0636,93.0762,63.0,40.9959,0.0004,0.9223,B,4.2,3.2199,Z,BZ
SKU0756,Product 0756,92.9766,416.0,40.3672,0.0004,0.9227,B,27.7333,1.4265,Z,BZ
SKU0082,Product 0082,92.8687,724.0,35.9637,0.0004,0.9231,B,48.2667,1.4369,Z,BZ
SKU1541,Product 1541,92.6612,58.0,28.6723,0.0004,0.9235,B,3.8667,1.6955,Z,BZ
SKU0963,Product 0963,92.4952,21.0,33.8063,0.0004,0.9239,B,1.4,2.2065,Z,BZ
SKU0878,Product 0878,92.4869,217.0,31.3595,0.0004,0.9243,B,14.4667,2.4743,Z,BZ
SKU0312,Product 0312,92.4288,70.0,37.9799,0.0004,0.9247,B,4.6667,2.6662,Z,BZ
SKU0587,Product 0587,91.881,37.0,28.8194,0.0004,0.9251,B,2.4667,2.489,Z,BZ
SKU1261,Product 1261,91.8561,83.0,27.7409,0.0004,0.9255,B,5.5333,1.0557,Z,BZ
SKU0115,Product 0115,91.5075,126.0,31.2014,0.0004,0.9259,B,8.4,1.484,Z,BZ
SKU1397,Product 1397,91.466,56.0,26.5219,0.0004,0.9262,B,3.7333,1.0689,Z,BZ
SKU0529,Product 0529,91.4328,96.0,38.2258,0.0004,0.9266,B,6.4,0.8595,Y,BY
SKU1093,Product 1093,91.134,123.0,29.5751,0.0004,0.927,B,8.2,1.7613,Z,BZ
SKU1476,Product 1476,91.134,74.0,34.4336,0.0004,0.9274,B,4.9333,0.683,Y,BY
SKU0820,Product 0820,91.1174,48.0,24.4788,0.0004,0.9278,B,3.2,3.7036,Z,BZ
SKU0928,Product 0928,90.6194,30.0,29.7542,0.0004,0.9282,B,2.0,1.3093,Z,BZ
SKU0016,Product 0016,90.5364,61.0,41.4939,0.0004,0.9286,B,4.0667,1.6819,Z,BZ
SKU1481,Product 1481,89.391,73.0,33.6729,0.0004,0.929,B,4.8667,0.9315,Y,BY
SKU1587,Product 1587,89.1088,68.0,37.4325,0.0004,0.9294,B,4.5333,1.8622,Z,BZ
SKU1563,Product 1563,87.6729,98.0,30.8478,0.0004,0.9297,B,6.5333,1.5272,Z,BZ
SKU0427,Product 0427,87.399,36.0,29.5485,0.0004,0.9301,B,2.4,2.2316,Z,BZ
SKU0836,Product 0836,87.15,42.0,31.239,0.0004,0.9305,B,2.8,3.0281,Z,BZ
SKU1240,Product 1240,87.0919,135.0,14.4997,0.0004,0.9309,B,9.0,0.7536,Y,BY
SKU0843,Product 0843,86.984,90.0,22.7422,0.0004,0.9313,B,6.0,2.639,Z,BZ
SKU1169,Product 1169,86.8512,35.0,26.4659,0.0004,0.9316,B,2.3333,1.8728,Z,BZ
SKU1568,Product 1568,86.3366,75.0,31.6524,0.0004,0.932,B,5.0,2.1003,Z,BZ
SKU1241,Product 1241,86.237,118.0,44.0806,0.0004,0.9324,B,7.8667,1.7731,Z,BZ
SKU1037,Product 1037,86.2204,21.0,26.1321,0.0004,0.9327,B,1.4,1.9617,Z,BZ
SKU1483,Product 1483,86.154,76.0,29.2895,0.0004,0.9331,B,5.0667,0.6733,Y,BY
SKU1092,Product 1092,86.0544,117.0,27.6215,0.0004,0.9335,B,7.8,1.762,Z,BZ
SKU0935,Product 0935,85.4568,11.0,18.3364,0.0004,0.9339,B,0.7333,2.154,Z,BZ
SKU0241,Product 0241,85.407,69.0,28.5776,0.0004,0.9342,B,4.6,1.4251,Z,BZ
SKU1210,Product 1210,85.3821,39.0,23.8618,0.0004,0.9346,B,2.6,2.5793,Z,BZ
SKU1290,Product 1290,85.0833,16.0,16.6906,0.0004,0.935,B,1.0667,2.6627,Z,BZ
SKU1635,Product 1635,84.7264,24.0,25.3983,0.0004,0.9353,B,1.6,1.8268,Z,BZ
SKU0235,Product 0235,84.5936,65.0,29.287,0.0004,0.9357,B,4.3333,2.2368,Z,BZ
SKU1659,Product 1659,84.5272,68.0,36.2614,0.0004,0.9361,B,4.5333,1.1934,Z,BZ
SKU1034,Product 1034,84.3363,158.0,26.0487,0.0004,0.9364,B,10.5333,2.3826,Z,BZ
SKU1260,Product 1260,84.2118,80.0,22.7607,0.0004,0.9368,B,5.3333,1.329,Z,BZ
SKU0752,Product 0752,83.8134,57.0,33.7363,0.0004,0.9371,B,3.8,1.638,Z,BZ
SKU1562,Product 1562,83.7221,93.0,29.6951,0.0004,0.9375,B,6.2,1.5243,Z,BZ
SKU1276,Product 1276,83.166,51.0,23.9369,0.0004,0.9379,B,3.4,1.7814,Z,BZ
SKU1712,Product 1712,82.6182,75.0,31.3583,0.0004,0.9382,B,5.0,2.5083,Z,BZ
SKU0167,Product 0167,82.585,174.0,-9.93,0.0004,0.9386,B,11.6,2.008,Z,BZ
SKU1634,Product 1634,82.5352,24.0,20.4246,0.0004,0.9389,B,1.6,1.7002,Z,BZ
SKU0599,Product 0599,82.502,72.0,27.6885,0.0004,0.9393,B,4.8,1.6351,Z,BZ
SKU0671,Product 0671,82.17,25.0,28.501,0.0004,0.9396,B,1.6667,2.2978,Z,BZ
SKU0817,Product 0817,81.838,59.0,8.7035,0.0004,0.94,B,3.9333,2.1259,Z,BZ
SKU1299,Product 1299,81.6886,71.0,27.5719,0.0004,0.9403,B,4.7333,1.4927,Z,BZ
SKU0024,Product 0024,81.5724,71.0,51.6211,0.0004,0.9407,B,4.7333,1.0241,Z,BZ
SKU0942,Product 0942,81.5475,46.0,37.9474,0.0004,0.941,B,3.0667,2.2098,Z,BZ
SKU1759,Product 1759,81.5226,63.0,33.9266,0.0004,0.9414,B,4.2,1.7056,Z,BZ
SKU0951,Product 0951,81.3566,36.0,33.4887,0.0004,0.9417,B,2.4,1.5414,Z,BZ
SKU0629,Product 0629,81.174,100.0,29.8141,0.0004,0.9421,B,6.6667,1.1263,Z,BZ
SKU0919,Product 0919,80.676,65.0,42.6001,0.0003,0.9424,B,4.3333,2.3022,Z,BZ
SKU1207,Product 1207,80.6428,36.0,27.3866,0.0003,0.9428,B,2.4,1.3344,Z,BZ
SKU1036,Product 1036,80.5017,19.0,30.3845,0.0003,0.9431,B,1.2667,2.0558,Z,BZ
SKU1741,Product 1741,80.427,969.0,0.0,0.0003,0.9435,B,64.6,0.7353,Y,BY
SKU0520,Product 0520,80.1531,54.0,32.7037,0.0003,0.9438,B,3.6,2.0053,Z,BZ
SKU0884,Product 0884,79.68,61.0,33.0691,0.0003,0.9442,B,4.0667,3.873,Z,BZ
SKU1300,Product 1300,79.597,69.0,26.9642,0.0003,0.9445,B,4.6,1.8185,Z,BZ
SKU0816,Product 0816,79.514,254.0,32.729,0.0003,0.9449,B,16.9333,1.8355,Z,BZ
SKU1792,Product 1792,79.3978,42.0,32.3079,0.0003,0.9452,B,2.8,2.6733,Z,BZ
SKU0313,Product 0313,79.016,60.0,32.0482,0.0003,0.9455,B,4.0,1.9039,Z,BZ
SKU1159,Product 1159,79.016,30.0,24.2403,0.0003,0.9459,B,2.0,2.5071,Z,BZ
SKU0039,Product 0039,78.8832,53.0,36.5248,0.0003,0.9462,B,3.5333,1.5161,Z,BZ
SKU0616,Product 0616,78.7836,69.0,26.308,0.0003,0.9466,B,4.6,1.6055,Z,BZ
SKU1545,Product 1545,78.684,64.0,27.8654,0.0003,0.9469,B,4.2667,3.13,Z,BZ
SKU0784,Product 0784,78.518,96.0,24.8271,0.0003,0.9472,B,6.4,1.3003,Z,BZ
SKU1211,Product 1211,78.352,48.0,23.7453,0.0003,0.9476,B,3.2,2.1398,Z,BZ
SKU1212,Product 1212,78.02,48.0,23.4775,0.0003,0.9479,B,3.2,1.9271,Z,BZ
SKU0811,Product 0811,77.688,95.0,36.1607,0.0003,0.9483,B,6.3333,1.494,Z,BZ
SKU1365,Product 1365,77.5884,249.0,27.4389,0.0003,0.9486,B,16.6,2.3493,Z,BZ
SKU0084,Product 0084,76.8746,45.0,23.2596,0.0003,0.9489,B,3.0,2.2432,Z,BZ
SKU0996,Product 0996,76.6007,8.378,24.7809,0.0003,0.9493,B,0.5585,2.7777,Z,BZ
SKU1565,Product 1565,76.194,107.0,30.3626,0.0003,0.9496,B,7.1333,1.8092,Z,BZ
SKU1200,Product 1200,75.8786,67.0,25.0443,0.0003,0.9499,B,4.4667,1.4555,Z,BZ
SKU1278,Product 1278,75.862,46.0,22.4744,0.0003,0.9502,C,3.0667,1.1787,Z,CZ
SKU1153,Product 1153,75.7458,6.0,20.4549,0.0003,0.9506,C,0.4,2.2756,Z,CZ
SKU0537,Product 0537,75.5964,42.0,25.7935,0.0003,0.9509,C,2.8,2.0658,Z,CZ
SKU1071,Product 1071,75.5632,58.0,37.3872,0.0003,0.9512,C,3.8667,3.873,Z,CZ
SKU1627,Product 1627,75.1565,73.0,12.139,0.0003,0.9515,C,4.8667,2.0982,Z,CZ
SKU0887,Product 0887,74.949,65.0,43.5553,0.0003,0.9519,C,4.3333,3.873,Z,CZ
SKU1555,Product 1555,74.866,46.0,21.432,0.0003,0.9522,C,3.0667,1.6186,Z,CZ
SKU1396,Product 1396,74.866,46.0,21.432,0.0003,0.9525,C,3.0667,1.6875,Z,CZ
SKU1070,Product 1070,74.1024,57.0,36.6152,0.0003,0.9528,C,3.8,3.873,Z,CZ
SKU0891,Product 0891,73.9032,64.0,36.2786,0.0003,0.9531,C,4.2667,3.873,Z,CZ
SKU0786,Product 0786,72.6416,96.0,31.2187,0.0003,0.9535,C,6.4,1.6289,Z,CZ
SKU0744,Product 0744,72.459,20.0,24.103,0.0003,0.9538,C,1.3333,1.7854,Z,CZ
SKU1277,Product 1277,72.21,44.0,20.9833,0.0003,0.9541,C,2.9333,1.8244,Z,CZ
SKU0745,Product 0745,72.21,36.0,24.8624,0.0003,0.9544,C,2.4,1.9467,Z,CZ
SKU0171,Product 0171,72.044,44.0,28.7543,0.0003,0.9547,C,2.9333,1.9433,Z,CZ
SKU1039,Product 1039,71.2638,17.0,26.57,0.0003,0.955,C,1.1333,1.6961,Z,CZ
SKU1589,Product 1589,70.0686,49.0,26.8177,0.0003,0.9553,C,3.2667,1.7792,Z,CZ
SKU0890,Product 0890,69.803,43.0,34.9857,0.0003,0.9556,C,2.8667,3.873,Z,CZ
SKU0344,Product 0344,69.72,138.0,19.316,0.0003,0.9559,C,9.2,2.6113,Z,CZ
SKU1696,Product 1696,69.3548,80.0,20.0756,0.0003,0.9562,C,5.3333,2.4607,Z,CZ
SKU0022,Product 0022,69.3216,70.0,29.7841,0.0003,0.9565,C,4.6667,2.3046,Z,CZ
SKU0740,Product 0740,68.558,20.0,13.875,0.0003,0.9568,C,1.3333,1.5952,Z,CZ
SKU1161,Product 1161,68.5248,26.0,20.8944,0.0003,0.9571,C,1.7333,2.051,Z,CZ
SKU0782,Product 0782,68.3837,96.0,27.7854,0.0003,0.9574,C,6.4,0.9145,Y,CY
SKU1791,Product 1791,67.9189,36.0,25.7898,0.0003,0.9577,C,2.4,2.3454,Z,CZ
SKU0953,Product 0953,67.6367,29.0,29.3923,0.0003,0.958,C,1.9333,1.6642,Z,CZ
SKU0860,Product 0860,67.4873,25.0,14.6346,0.0003,0.9583,C,1.6667,1.5657,Z,CZ
SKU1027,Product 1027,67.3794,93.0,23.4614,0.0003,0.9586,C,6.2,1.3702,Z,CZ
SKU0105,Product 0105,66.9229,74.0,26.3313,0.0003,0.9589,C,4.9333,1.5313,Z,CZ
SKU0506,Product 0506,66.649,46.0,21.3695,0.0003,0.9591,C,3.0667,1.6419,Z,CZ
SKU0612,Product 0612,66.5826,58.0,22.4033,0.0003,0.9594,C,3.8667,1.5605,Z,CZ
SKU0733,Product 0733,65.238,27.0,6.8589,0.0003,0.9597,C,1.8,1.3478,Z,CZ
SKU0735,Product 0735,64.8396,29.0,22.4979,0.0003,0.96,C,1.9333,1.5327,Z,CZ
SKU1554,Product 1554,64.7815,24.0,18.5786,0.0003,0.9603,C,1.6,1.616,Z,CZ
SKU0877,Product 0877,64.3416,46.0,19.0541,0.0003,0.9605,C,3.0667,2.639,Z,CZ
SKU0085,Product 0085,64.242,197.0,39.7256,0.0003,0.9608,C,13.1333,1.4095,Z,CZ
SKU1710,Product 1710,64.2088,49.0,26.9718,0.0003,0.9611,C,3.2667,1.745,Z,CZ
SKU1028,Product 1028,63.91,58.0,21.211,0.0003,0.9614,C,3.8667,1.1886,Z,CZ
SKU1069,Product 1069,63.4784,49.0,31.2959,0.0003,0.9617,C,3.2667,3.873,Z,CZ
SKU0528,Product 0528,63.2626,85.0,19.4068,0.0003,0.9619,C,5.6667,0.5405,Y,CY
SKU0548,Product 0548,62.7148,48.0,23.0877,0.0003,0.9622,C,3.2,1.1093,Z,CZ
SKU1628,Product 1628,62.4492,10.0,19.818,0.0003,0.9625,C,0.6667,2.8723,Z,CZ
SKU0524,Product 0524,61.8848,47.0,23.8351,0.0003,0.9627,C,3.1333,1.6925,Z,CZ
SKU0990,Product 0990,61.8516,55.0,17.4678,0.0003,0.963,C,3.6667,1.5519,Z,CZ
SKU0897,Product 0897,61.3121,9.0,12.17,0.0003,0.9633,C,0.6,2.4234,Z,CZ
SKU1025,Product 1025,61.1046,88.0,20.0611,0.0003,0.9635,C,5.8667,1.3011,Z,CZ
SKU1304,Product 1304,61.005,16.0,18.6535,0.0003,0.9638,C,1.0667,2.4413,Z,CZ
SKU0656,Product 0656,60.3825,83.0,22.6217,0.0003,0.964,C,5.5333,0.8876,Y,CY
SKU1785,Product 1785,60.341,6.465,20.2224,0.0003,0.9643,C,0.431,2.6597,Z,CZ
SKU1553,Product 1553,60.258,49.0,26.2612,0.0003,0.9646,C,3.2667,1.5195,Z,CZ
SKU1746,Product 1746,60.0588,43.0,25.7693,0.0003,0.9648,C,2.8667,1.8733,Z,CZ
SKU0947,Product 0947,59.9675,39.0,32.3133,0.0003,0.9651,C,2.6,2.237,Z,CZ
SKU1604,Product 1604,59.096,49.0,9.0214,0.0003,0.9653,C,3.2667,1.9273,Z,CZ
SKU0550,Product 0550,58.8304,48.0,4.0181,0.0003,0.9656,C,3.2,2.9415,Z,CZ
SKU0670,Product 0670,58.764,12.0,23.7272,0.0003,0.9658,C,0.8,2.5089,Z,CZ
SKU1793,Product 1793,58.4486,31.0,23.7218,0.0003,0.9661,C,2.0667,2.4018,Z,CZ
SKU0991,Product 0991,58.2992,45.0,24.2314,0.0003,0.9664,C,3.0,1.817,Z,CZ
SKU0992,Product 0992,58.1,72.0,23.55,0.0003,0.9666,C,4.8,2.0925,Z,CZ
SKU1601,Product 1601,57.9008,47.0,9.6346,0.0002,0.9669,C,3.1333,2.0958,Z,CZ
SKU0539,Product 0539,57.602,47.0,7.4431,0.0002,0.9671,C,3.1333,2.8771,Z,CZ
SKU0743,Product 0743,57.1455,16.0,18.582,0.0002,0.9673,C,1.0667,2.2541,Z,CZ
SKU1602,Product 1602,56.8716,48.0,8.016,0.0002,0.9676,C,3.2,1.8268,Z,CZ
SKU1422,Product 1422,55.9752,59.0,16.7377,0.0002,0.9678,C,3.9333,2.0843,Z,CZ
SKU1603,Product 1603,55.776,46.0,8.7096,0.0002,0.9681,C,3.0667,1.7407,Z,CZ
SKU1003,Product 1003,55.5104,36.0,17.2774,0.0002,0.9683,C,2.4,2.86,Z,CZ
SKU0307,Product 0307,55.3776,56.0,23.0702,0.0002,0.9686,C,3.7333,3.3155,Z,CZ
SKU0736,Product 0736,55.0788,24.0,18.6713,0.0002,0.9688,C,1.6,2.1234,Z,CZ
SKU0120,Product 0120,54.9709,18.0,19.0831,0.0002,0.969,C,1.2,2.2537,Z,CZ
SKU0642,Product 0642,54.9045,19.0,18.5571,0.0002,0.9693,C,1.2667,2.8381,Z,CZ
SKU1567,Product 1567,54.8464,48.0,19.9275,0.0002,0.9695,C,3.2,1.8646,Z,CZ
SKU1196,Product 1196,54.78,17.0,11.5973,0.0002,0.9697,C,1.1333,2.8856,Z,CZ
SKU1581,Product 1581,54.78,31.0,-19.2111,0.0002,0.97,C,2.0667,2.0239,Z,CZ
SKU0937,Product 0937,54.6555,3.0,16.3384,0.0002,0.9702,C,0.2,2.0702,Z,CZ
SKU0538,Product 0538,54.6472,47.0,5.0603,0.0002,0.9704,C,3.1333,2.6562,Z,CZ
SKU1569,Product 1569,54.614,48.0,19.7401,0.0002,0.9707,C,3.2,1.8191,Z,CZ
SKU0012,Product 0012,54.5559,95.0,28.8424,0.0002,0.9709,C,6.3333,1.8216,Z,CZ
SKU0037,Product 0037,54.448,33.0,23.6089,0.0002,0.9711,C,2.2,2.8963,Z,CZ
SKU0739,Product 0739,53.784,15.0,17.5478,0.0002,0.9714,C,1.0,2.2991,Z,CZ
SKU1577,Product 1577,53.535,26.0,-9.5419,0.0002,0.9716,C,1.7333,2.4522,Z,CZ
SKU1579,Product 1579,53.535,27.0,-11.7568,0.0002,0.9718,C,1.8,1.7468,Z,CZ
SKU1576,Product 1576,53.12,27.0,-12.1793,0.0002,0.9721,C,1.8,1.7842,Z,CZ
SKU1157,Product 1157,52.3232,20.0,15.5685,0.0002,0.9723,C,1.3333,1.8298,Z,CZ
SKU1423,Product 1423,52.29,55.0,15.6917,0.0002,0.9725,C,3.6667,2.053,Z,CZ
SKU0631,Product 0631,51.626,64.0,23.5581,0.0002,0.9727,C,4.2667,1.5457,Z,CZ
SKU0943,Product 0943,51.46,36.0,19.7154,0.0002,0.973,C,2.4,2.8902,Z,CZ
SKU0644,Product 0644,51.294,11.0,14.2499,0.0002,0.9732,C,0.7333,2.601,Z,CZ
SKU0794,Product 0794,51.2608,56.0,20.4233,0.0002,0.9734,C,3.7333,1.9381,Z,CZ
SKU1566,Product 1566,51.1695,72.0,20.3494,0.0002,0.9736,C,4.8,2.6495,Z,CZ
SKU0568,Product 0568,51.1612,14.0,17.4381,0.0002,0.9739,C,0.9333,2.4117,Z,CZ
SKU0693,Product 0693,50.7794,44.0,25.4294,0.0002,0.9741,C,2.9333,3.873,Z,CZ
SKU1447,Product 1447,50.4972,54.0,14.7273,0.0002,0.9743,C,3.6,1.9239,Z,CZ
SKU1605,Product 1605,50.3146,48.0,10.6955,0.0002,0.9745,C,3.2,0.961,Y,CY
SKU0571,Product 0571,49.551,24.0,12.7275,0.0002,0.9747,C,1.6,2.639,Z,CZ
SKU0771,Product 0771,49.4846,42.0,20.6417,0.0002,0.9749,C,2.8,2.8031,Z,CZ
SKU1713,Product 1713,49.2688,40.0,19.8675,0.0002,0.9751,C,2.6667,1.4775,Z,CZ
SKU0650,Product 0650,49.1028,50.0,22.7823,0.0002,0.9754,C,3.3333,1.5901,Z,CZ
SKU1552,Product 1552,49.0862,28.0,14.4867,0.0002,0.9756,C,1.8667,1.9088,Z,CZ
SKU1231,Product 1231,48.9036,296.0,24.6994,0.0002,0.9758,C,19.7333,2.2692,Z,CZ
SKU0507,Product 0507,48.8538,32.0,17.1074,0.0002,0.976,C,2.1333,2.4859,Z,CZ
SKU0319,Product 0319,48.1151,35.0,15.4867,0.0002,0.9762,C,2.3333,1.2086,Z,CZ
SKU1038,Product 1038,47.5092,11.0,18.3193,0.0002,0.9764,C,0.7333,1.4084,Z,CZ
SKU0993,Product 0993,47.3764,48.0,14.7008,0.0002,0.9766,C,3.2,1.7998,Z,CZ
SKU0879,Product 0879,47.061,353.0,26.9653,0.0002,0.9768,C,23.5333,2.4232,Z,CZ
SKU1086,Product 1086,46.895,11.0,5.1331,0.0002,0.977,C,0.7333,3.5133,Z,CZ
SKU0549,Product 0549,46.7788,46.0,11.3811,0.0002,0.9772,C,3.0667,1.5613,Z,CZ
SKU1794,Product 1794,46.3223,49.0,22.7154,0.0002,0.9774,C,3.2667,2.4311,Z,CZ
SKU0512,Product 0512,46.065,57.0,18.9207,0.0002,0.9776,C,3.8,2.3309,Z,CZ
SKU1229,Product 1229,45.8741,224.0,25.8389,0.0002,0.9778,C,14.9333,2.545,Z,CZ
SKU1256,Product 1256,45.8658,32.0,21.7168,0.0002,0.978,C,2.1333,3.873,Z,CZ
SKU1195,Product 1195,45.816,14.0,10.1177,0.0002,0.9782,C,0.9333,2.7605,Z,CZ
SKU1379,Product 1379,44.737,8.0,12.9047,0.0002,0.9784,C,0.5333,2.2261,Z,CZ
SKU0758,Product 0758,44.4465,5.0,13.2265,0.0002,0.9786,C,0.3333,3.873,Z,CZ
SKU0026,Product 0026,44.3718,49.0,27.9158,0.0002,0.9788,C,3.2667,2.4448,Z,CZ
SKU1242,Product 1242,44.2971,60.0,22.775,0.0002,0.979,C,4.0,2.3261,Z,CZ
SKU1762,Product 1762,43.6912,34.0,18.0203,0.0002,0.9792,C,2.2667,1.7366,Z,CZ
SKU0885,Product 0885,43.575,18.0,10.9388,0.0002,0.9793,C,1.2,2.8031,Z,CZ
SKU1192,Product 1192,43.5169,11.0,5.2229,0.0002,0.9795,C,0.7333,3.5133,Z,CZ
SKU0742,Product 0742,42.9525,12.0,13.8545,0.0002,0.9797,C,0.8,1.9016,Z,CZ
SKU0994,Product 0994,42.8944,48.0,15.8674,0.0002,0.9799,C,3.2,2.1977,Z,CZ
SKU1588,Product 1588,42.4296,33.0,17.5092,0.0002,0.9801,C,2.2,1.852,Z,CZ
SKU1308,Product 1308,42.0727,14.0,14.1494,0.0002,0.9803,C,0.9333,2.0436,Z,CZ
SKU1154,Product 1154,41.5664,16.0,12.4589,0.0002,0.9805,C,1.0667,2.5172,Z,CZ
SKU1302,Product 1302,41.2095,25.0,17.6714,0.0002,0.9806,C,1.6667,3.0817,Z,CZ
SKU0004,Product 0004,40.836,99.0,26.4538,0.0002,0.9808,C,6.6,2.9623,Z,CZ
SKU1026,Product 1026,40.7862,56.0,14.2996,0.0002,0.981,C,3.7333,1.1519,Z,CZ
SKU1578,Product 1578,40.67,20.0,-7.9513,0.0002,0.9812,C,1.3333,1.9978,Z,CZ
SKU0695,Product 0695,40.338,5.0,1.8821,0.0002,0.9813,C,0.3333,2.4495,Z,CZ
SKU1215,Product 1215,40.2633,45.0,13.4221,0.0002,0.9815,C,3.0,2.4004,Z,CZ
SKU1760,Product 1760,39.9894,32.0,17.0269,0.0002,0.9817,C,2.1333,1.6795,Z,CZ
SKU0449,Product 0449,39.9728,35.0,21.4111,0.0002,0.9818,C,2.3333,2.9052,Z,CZ
SKU1740,Product 1740,39.84,6.0,12.2588,0.0002,0.982,C,0.4,2.2756,Z,CZ
SKU1538,Product 1538,39.6408,20.0,17.7345,0.0002,0.9822,C,1.3333,2.2796,Z,CZ
SKU0268,Product 0268,39.591,17.0,12.3155,0.0002,0.9824,C,1.1333,3.0359,Z,CZ
SKU0222,Product 0222,38.8108,34.0,14.4898,0.0002,0.9825,C,2.2667,2.2025,Z,CZ
SKU0838,Product 0838,38.2796,169.0,19.4451,0.0002,0.9827,C,11.2667,1.0255,Z,CZ
SKU1002,Product 1002,37.9725,36.0,3.7312,0.0002,0.9829,C,2.4,2.754,Z,CZ
SKU1232,Product 1232,37.4828,113.0,15.2228,0.0002,0.983,C,7.5333,2.535,Z,CZ
SKU1776,Product 1776,37.35,30.0,1.0378,0.0002,0.9832,C,2.0,1.6903,Z,CZ
SKU1622,Product 1622,37.3168,60.0,13.2871,0.0002,0.9833,C,4.0,1.5584,Z,CZ
SKU1673,Product 1673,37.101,47.0,3.8837,0.0002,0.9835,C,3.1333,3.873,Z,CZ
SKU0995,Product 0995,37.101,53.0,14.0843,0.0002,0.9837,C,3.5333,1.3095,Z,CZ
SKU0988,Product 0988,37.0512,29.0,15.4378,0.0002,0.9838,C,1.9333,1.8697,Z,CZ
SKU0173,Product 0173,36.9765,30.0,17.0489,0.0002,0.984,C,2.0,2.1794,Z,CZ
SKU0783,Product 0783,36.935,58.0,13.4438,0.0002,0.9841,C,3.8667,1.8205,Z,CZ
SKU0874,Product 0874,36.852,115.0,15.4023,0.0002,0.9843,C,7.6667,2.3022,Z,CZ
SKU0755,Product 0755,36.8188,152.0,17.1647,0.0002,0.9845,C,10.1333,1.4183,Z,CZ
SKU0234,Product 0234,36.7856,28.0,12.8357,0.0002,0.9846,C,1.8667,2.3861,Z,CZ
SKU0945,Product 0945,36.7275,25.0,15.9241,0.0002,0.9848,C,1.6667,2.8203,Z,CZ
SKU0715,Product 0715,35.856,18.0,15.6198,0.0002,0.9849,C,1.2,2.2316,Z,CZ
SKU1106,Product 1106,35.6568,219.0,19.6682,0.0002,0.9851,C,14.6,2.8031,Z,CZ
SKU1548,Product 1548,35.1588,20.0,8.6948,0.0002,0.9852,C,1.3333,1.4639,Z,CZ
SKU1078,Product 1078,35.1588,36.0,16.325,0.0002,0.9854,C,2.4,1.7523,Z,CZ
SKU1556,Product 1556,35.109,29.0,14.3535,0.0002,0.9855,C,1.9333,1.4161,Z,CZ
SKU1411,Product 1411,34.86,12.0,11.588,0.0002,0.9857,C,0.8,2.1234,Z,CZ
SKU0514,Product 0514,34.5612,35.0,16.964,0.0001,0.9858,C,2.3333,0.8365,Y,CY
SKU1239,Product 1239,34.2126,168.0,-42.0681,0.0001,0.986,C,11.2,1.8992,Z,CZ
SKU1564,Product 1564,33.2415,45.0,13.7348,0.0001,0.9861,C,3.0,3.873,Z,CZ
SKU0754,Product 0754,33.2415,92.0,5.4074,0.0001,0.9863,C,6.1333,2.8393,Z,CZ
SKU1778,Product 1778,32.204,25.0,1.8396,0.0001,0.9864,C,1.6667,1.9596,Z,CZ
SKU1217,Product 1217,32.0961,60.0,9.4501,0.0001,0.9865,C,4.0,3.873,Z,CZ
SKU0600,Product 0600,32.0712,28.0,10.7575,0.0001,0.9867,C,1.8667,1.898,Z,CZ
SKU0694,Product 0694,31.955,39.0,17.3551,0.0001,0.9868,C,2.6,3.873,Z,CZ
SKU0289,Product 0289,31.9135,20.0,5.9513,0.0001,0.987,C,1.3333,1.2887,Z,CZ
SKU1600,Product 1600,31.872,20.0,9.5247,0.0001,0.9871,C,1.3333,2.8723,Z,CZ
SKU1257,Product 1257,31.6645,11.0,9.3999,0.0001,0.9872,C,0.7333,1.4997,Z,CZ
SKU0516,Product 0516,31.2744,32.0,15.2554,0.0001,0.9874,C,2.1333,1.276,Z,CZ
SKU0851,Product 0851,31.2578,72.0,5.4852,0.0001,0.9875,C,4.8,3.1093,Z,CZ
SKU0470,Product 0470,30.9756,35.0,6.2052,0.0001,0.9876,C,2.3333,1.8516,Z,CZ
SKU0254,Product 0254,30.5025,25.0,10.4277,0.0001,0.9878,C,1.6667,2.2978,Z,CZ
SKU1230,Product 1230,30.4693,149.0,17.1511,0.0001,0.9879,C,9.9333,2.5209,Z,CZ
SKU0013,Product 0013,30.4361,123.0,18.5207,0.0001,0.988,C,8.2,1.6317,Z,CZ
SKU0523,Product 0523,30.212,14.0,9.8329,0.0001,0.9882,C,0.9333,2.3775,Z,CZ
SKU0375,Product 0375,30.129,15.0,7.0376,0.0001,0.9883,C,1.0,2.8031,Z,CZ
SKU0018,Product 0018,29.88,20.0,11.1603,0.0001,0.9884,C,1.3333,1.6929,Z,CZ
SKU1445,Product 1445,29.8551,33.0,10.6237,0.0001,0.9886,C,2.2,1.8198,Z,CZ
SKU1001,Product 1001,29.5148,52.0,13.0117,0.0001,0.9887,C,3.4667,2.8987,Z,CZ
SKU1753,Product 1753,29.0666,22.0,9.9884,0.0001,0.9888,C,1.4667,1.8737,Z,CZ
SKU1029,Product 1029,28.552,22.0,10.0609,0.0001,0.9889,C,1.4667,2.601,Z,CZ
SKU0443,Product 0443,28.552,18.0,0.0968,0.0001,0.9891,C,1.2,3.873,Z,CZ
SKU0850,Product 0850,28.5271,64.0,5.4738,0.0001,0.9892,C,4.2667,2.7253,Z,CZ
SKU0461,Product 0461,28.386,19.0,14.4161,0.0001,0.9893,C,1.2667,2.5048,Z,CZ
SKU0918,Product 0918,28.0706,4.0,10.5588,0.0001,0.9894,C,0.2667,2.9955,Z,CZ
SKU1187,Product 1187,28.054,17.0,7.9391,0.0001,0.9895,C,1.1333,2.6443,Z,CZ
SKU1246,Product 1246,27.888,12.0,9.3434,0.0001,0.9897,C,0.8,2.0156,Z,CZ
SKU1377,Product 1377,27.307,5.0,7.5383,0.0001,0.9898,C,0.3333,2.1712,Z,CZ
SKU0852,Product 0852,26.9667,61.0,5.0375,0.0001,0.9899,C,4.0667,2.7952,Z,CZ
SKU1489,Product 1489,26.8505,24.0,10.7156,0.0001,0.99,C,1.6,1.5634,Z,CZ
SKU0880,Product 0880,26.8256,272.2,16.2306,0.0001,0.9901,C,18.1467,1.8206,Z,CZ
SKU1160,Product 1160,26.2944,10.0,8.0674,0.0001,0.9902,C,0.6667,3.1396,Z,CZ
SKU1314,Product 1314,26.228,16.0,7.8208,0.0001,0.9904,C,1.0667,1.7882,Z,CZ
SKU0645,Product 0645,26.1616,79.0,15.3898,0.0001,0.9905,C,5.2667,2.0292,Z,CZ
SKU1532,Product 1532,25.896,16.0,10.5396,0.0001,0.9906,C,1.0667,1.8229,Z,CZ
SKU1560,Product 1560,25.564,28.0,9.2286,0.0001,0.9907,C,1.8667,3.873,Z,CZ
SKU0525,Product 0525,24.9498,17.0,10.8183,0.0001,0.9908,C,1.1333,2.3313,Z,CZ
SKU0499,Product 0499,24.651,43.0,11.2122,0.0001,0.9909,C,2.8667,1.9009,Z,CZ
SKU0436,Product 0436,24.6261,99.0,17.519,0.0001,0.991,C,6.6,2.4557,Z,CZ
SKU1047,Product 1047,24.6012,8.0,7.3495,0.0001,0.9911,C,0.5333,2.639,Z,CZ
SKU0896,Product 0896,24.568,4.0,4.8729,0.0001,0.9912,C,0.2667,2.9955,Z,CZ
SKU0295,Product 0295,24.07,12.0,7.6787,0.0001,0.9913,C,0.8,2.2756,Z,CZ
SKU0894,Product 0894,23.904,4.0,4.3375,0.0001,0.9914,C,0.2667,2.2261,Z,CZ
SKU0792,Product 0792,23.821,20.0,4.2711,0.0001,0.9915,C,1.3333,2.5929,Z,CZ
SKU0676,Product 0676,23.821,21.0,5.5814,0.0001,0.9916,C,1.4,3.873,Z,CZ
SKU1477,Product 1477,23.655,19.0,9.017,0.0001,0.9917,C,1.2667,3.2478,Z,CZ
SKU1455,Product 1455,23.4724,27.0,10.242,0.0001,0.9918,C,1.8,1.9495,Z,CZ
SKU0889,Product 0889,23.4558,47.0,10.7243,0.0001,0.9919,C,3.1333,3.873,Z,CZ
SKU0875,Product 0875,23.24,58.0,7.1888,0.0001,0.992,C,3.8667,2.4238,Z,CZ
SKU0886,Product 0886,23.0076,20.0,13.7404,0.0001,0.9921,C,1.3333,3.873,Z,CZ
SKU0791,Product 0791,22.6258,19.0,4.0542,0.0001,0.9922,C,1.2667,2.6767,Z,CZ
SKU0488,Product 0488,22.576,14.0,10.9516,0.0001,0.9923,C,0.9333,3.873,Z,CZ
SKU0734,Product 0734,22.5428,10.0,8.1028,0.0001,0.9924,C,0.6667,3.873,Z,CZ
SKU1550,Product 1550,22.5345,20.0,7.8809,0.0001,0.9925,C,1.3333,2.7435,Z,CZ
SKU0649,Product 0649,22.41,11.0,7.4131,0.0001,0.9926,C,0.7333,3.873,Z,CZ
SKU0873,Product 0873,21.995,55.0,6.7817,0.0001,0.9927,C,3.6667,2.5577,Z,CZ
SKU0278,Product 0278,21.9618,19.0,11.8382,0.0001,0.9928,C,1.2667,2.8381,Z,CZ
SKU0683,Product 0683,21.414,13.0,10.7511,0.0001,0.9929,C,0.8667,2.7536,Z,CZ
SKU0789,Product 0789,21.2978,18.0,3.7303,0.0001,0.993,C,1.2,3.2459,Z,CZ
SKU0793,Product 0793,20.8081,18.0,3.3351,0.0001,0.9931,C,1.2,3.0732,Z,CZ
SKU0280,Product 0280,20.6172,83.0,6.5459,0.0001,0.9932,C,5.5333,2.9164,Z,CZ
SKU1475,Product 1475,20.5425,17.0,7.5528,0.0001,0.9933,C,1.1333,1.9973,Z,CZ
SKU0062,Product 0062,20.335,5.0,0.4092,0.0001,0.9933,C,0.3333,3.873,Z,CZ
SKU0114,Product 0114,20.335,5.0,1.2143,0.0001,0.9934,C,0.3333,2.6992,Z,CZ
SKU0028,Product 0028,20.335,18.0,10.493,0.0001,0.9935,C,1.2,3.4388,Z,CZ
SKU0504,Product 0504,19.92,15.0,-0.3553,0.0001,0.9936,C,1.0,3.873,Z,CZ
SKU0510,Product 0510,19.422,9.0,6.2723,0.0001,0.9937,C,0.6,1.972,Z,CZ
SKU0826,Product 0826,19.422,8.0,7.0974,0.0001,0.9938,C,0.5333,3.3889,Z,CZ
SKU0876,Product 0876,19.2975,48.0,6.001,0.0001,0.9939,C,3.2,2.6151,Z,CZ
SKU0471,Product 0471,19.2726,13.0,8.2948,0.0001,0.9939,C,0.8667,2.0393,Z,CZ
SKU0833,Product 0833,19.2726,36.0,2.0967,0.0001,0.994,C,2.4,2.0156,Z,CZ
SKU0131,Product 0131,19.09,12.0,3.4433,0.0001,0.9941,C,0.8,2.4183,Z,CZ
SKU1580,Product 1580,19.09,9.0,-2.8582,0.0001,0.9942,C,0.6,2.1639,Z,CZ
SKU0888,Product 0888,18.7995,84.0,6.8637,0.0001,0.9943,C,5.6,3.873,Z,CZ
SKU1478,Product 1478,18.675,15.0,7.2078,0.0001,0.9944,C,1.0,1.7321,Z,CZ
SKU0168,Product 0168,18.675,15.0,11.1988,0.0001,0.9944,C,1.0,2.6458,Z,CZ
SKU1479,Product 1479,18.675,15.0,7.0928,0.0001,0.9945,C,1.0,3.873,Z,CZ
SKU0116,Product 0116,18.6003,12.0,3.0484,0.0001,0.9946,C,0.8,2.2756,Z,CZ
SKU0460,Product 0460,18.592,8.0,9.202,0.0001,0.9947,C,0.5333,2.1102,Z,CZ
SKU1689,Product 1689,18.2019,13.0,6.0714,0.0001,0.9948,C,0.8667,2.7189,Z,CZ
SKU0212,Product 0212,17.928,4.0,6.1958,0.0001,0.9948,C,0.2667,2.9955,Z,CZ
SKU0997,Product 0997,17.928,11.0,8.5235,0.0001,0.9949,C,0.7333,3.873,Z,CZ
SKU1315,Product 1315,17.928,11.0,4.8715,0.0001,0.995,C,0.7333,3.873,Z,CZ
SKU1247,Product 1247,17.43,8.0,5.2917,0.0001,0.9951,C,0.5333,1.5634,Z,CZ
SKU0014,Product 0014,17.4134,73.0,8.6516,0.0001,0.9951,C,4.8667,1.356,Z,CZ
SKU0823,Product 0823,17.181,5.0,4.767,0.0001,0.9952,C,0.3333,2.1712,Z,CZ
SKU1454,Product 1454,16.8905,19.0,6.59,0.0001,0.9953,C,1.2667,3.873,Z,CZ
SKU1375,Product 1375,16.849,3.0,4.8978,0.0001,0.9954,C,0.2,2.8031,Z,CZ
SKU0103,Product 0103,16.434,2.0,-1.031,0.0001,0.9954,C,0.1333,3.873,Z,CZ
SKU0827,Product 0827,16.434,7.0,5.2936,0.0001,0.9955,C,0.4667,2.2716,Z,CZ
SKU1682,Product 1682,16.434,10.0,4.7552,0.0001,0.9956,C,0.6667,2.6992,Z,CZ
SKU1743,Product 1743,16.351,197.0,0.0,0.0001,0.9956,C,13.1333,2.5076,Z,CZ
SKU0353,Product 0353,16.3178,27.0,-1.2526,0.0001,0.9957,C,1.8,2.1639,Z,CZ
SKU1272,Product 1272,16.268,3.0,5.0178,0.0001,0.9958,C,0.2,3.873,Z,CZ
SKU0648,Product 0648,16.185,8.0,5.2985,0.0001,0.9958,C,0.5333,3.873,Z,CZ
SKU0130,Product 0130,16.019,10.0,2.9587,0.0001,0.9959,C,0.6667,2.6992,Z,CZ
SKU0944,Product 0944,15.9775,9.0,7.7083,0.0001,0.996,C,0.6,2.0702,Z,CZ
SKU0916,Product 0916,15.8945,45.055,-20.4047,0.0001,0.9961,C,3.0037,3.7449,Z,CZ
SKU1191,Product 1191,15.8613,5.0,5.9563,0.0001,0.9961,C,0.3333,3.1396,Z,CZ
SKU0343,Product 0343,15.77,19.0,7.7223,0.0001,0.9962,C,1.2667,3.873,Z,CZ
SKU0515,Product 0515,15.7368,16.0,7.722,0.0001,0.9963,C,1.0667,1.7165,Z,CZ
SKU0872,Product 0872,15.7202,2.8,3.1957,0.0001,0.9963,C,0.1867,3.7676,Z,CZ
SKU0837,Product 0837,15.687,188.0,3.8084,0.0001,0.9964,C,12.5333,3.4174,Z,CZ
SKU1376,Product 1376,15.687,3.0,3.9607,0.0001,0.9965,C,0.2,2.8031,Z,CZ
SKU1342,Product 1342,15.521,10.0,6.6202,0.0001,0.9965,C,0.6667,1.9365,Z,CZ
SKU0596,Product 0596,15.4546,5.0,4.1604,0.0001,0.9966,C,0.3333,2.6992,Z,CZ
SKU1144,Product 1144,15.189,6.0,4.3351,0.0001,0.9967,C,0.4,2.8031,Z,CZ
SKU1344,Product 1344,15.1558,13.0,4.2102,0.0001,0.9967,C,0.8667,2.7536,Z,CZ
SKU0051,Product 0051,14.94,5.0,8.5999,0.0001,0.9968,C,0.3333,2.1712,Z,CZ
SKU1575,Product 1575,14.774,11.0,5.6451,0.0001,0.9969,C,0.7333,3.873,Z,CZ
SKU0795,Product 0795,14.608,19.0,5.6659,0.0001,0.9969,C,1.2667,3.873,Z,CZ
SKU0029,Product 0029,13.9855,34.0,8.3589,0.0001,0.997,C,2.2667,3.873,Z,CZ
SKU1007,Product 1007,13.861,32.0,-5.9026,0.0001,0.997,C,2.1333,3.873,Z,CZ
SKU1473,Product 1473,13.695,11.0,5.7729,0.0001,0.9971,C,0.7333,2.443,Z,CZ
SKU0027,Product 0027,13.695,14.0,6.8876,0.0001,0.9972,C,0.9333,2.9052,Z,CZ
SKU0924,Product 0924,13.6286,70.0,3.9662,0.0001,0.9972,C,4.6667,3.873,Z,CZ
SKU0025,Product 0025,13.5705,11.0,7.1253,0.0001,0.9973,C,0.7333,2.027,Z,CZ
SKU1244,Product 1244,13.446,6.0,4.2699,0.0001,0.9973,C,0.4,2.2756,Z,CZ
SKU1250,Product 1250,12.9978,6.0,3.9772,0.0001,0.9974,C,0.4,2.8031,Z,CZ
SKU0868,Product 0868,12.9314,7.0,2.1202,0.0001,0.9974,C,0.4667,2.79,Z,CZ
SKU0333,Product 0333,12.782,7.0,5.1319,0.0001,0.9975,C,0.4667,3.3263,Z,CZ
SKU0822,Product 0822,12.782,2.0,3.9171,0.0001,0.9976,C,0.1333,2.639,Z,CZ
SKU0267,Product 0267,12.5994,7.0,3.897,0.0001,0.9976,C,0.4667,2.6699,Z,CZ
SKU0421,Product 0421,12.45,14.0,2.4193,0.0001,0.9977,C,0.9333,3.3263,Z,CZ
SKU0224,Product 0224,12.45,6.0,4.4505,0.0001,0.9977,C,0.4,3.873,Z,CZ
SKU0150,Product 0150,12.45,5.0,4.943,0.0001,0.9978,C,0.3333,3.1396,Z,CZ
SKU1168,Product 1168,12.367,1.0,0.5919,0.0001,0.9978,C,0.0667,3.873,Z,CZ
SKU0915,Product 0915,11.9354,2.07,4.471,0.0001,0.9979,C,0.138,2.6687,Z,CZ
SKU1063,Product 1063,11.8275,48.0,6.4711,0.0001,0.9979,C,3.2,2.2664,Z,CZ
SKU0828,Product 0828,11.703,5.0,3.545,0.0001,0.998,C,0.3333,2.6992,Z,CZ
SKU0403,Product 0403,11.6698,10.0,3.5684,0.0001,0.998,C,0.6667,2.4495,Z,CZ
SKU0186,Product 0186,11.62,5.0,4.5447,0.0001,0.9981,C,0.3333,2.6992,Z,CZ
SKU0870,Product 0870,11.4042,6.0,2.0754,0.0,0.9981,C,0.4,2.2756,Z,CZ
SKU1245,Product 1245,11.205,5.0,3.5583,0.0,0.9982,C,0.3333,1.8516,Z,CZ
SKU1774,Product 1774,11.205,9.0,0.3952,0.0,0.9982,C,0.6,2.1639,Z,CZ
SKU0866,Product 0866,10.79,2.0,-1.026,0.0,0.9983,C,0.1333,3.873,Z,CZ
SKU1570,Product 1570,10.5825,9.0,3.6041,0.0,0.9983,C,0.6,3.873,Z,CZ
SKU0813,Product 0813,10.2256,46.0,6.6544,0.0,0.9984,C,3.0667,3.873,Z,CZ
SKU0238,Product 0238,9.96,8.0,3.4994,0.0,0.9984,C,0.5333,2.9105,Z,CZ
SKU0830,Product 0830,9.8023,124.0,3.829,0.0,0.9984,C,8.2667,2.6709,Z,CZ
SKU0048,Product 0048,9.5616,4.0,5.0154,0.0,0.9985,C,0.2667,2.639,Z,CZ
SKU0862,Product 0862,9.545,1.0,2.5184,0.0,0.9985,C,0.0667,3.873,Z,CZ
SKU0134,Product 0134,8.7897,36.0,4.8142,0.0,0.9986,C,2.4,2.9955,Z,CZ
SKU1351,Product 1351,8.715,3.0,2.9355,0.0,0.9986,C,0.2,3.873,Z,CZ
SKU1480,Product 1480,8.715,7.0,3.7155,0.0,0.9986,C,0.4667,3.3263,Z,CZ
SKU1171,Product 1171,8.0925,4.0,2.2857,0.0,0.9987,C,0.2667,2.9955,Z,CZ
SKU1170,Product 1170,8.0095,5.0,2.2847,0.0,0.9987,C,0.3333,2.6992,Z,CZ
SKU0914,Product 0914,7.9929,1.086,3.1708,0.0,0.9987,C,0.0724,2.644,Z,CZ
SKU0895,Product 0895,7.885,1.0,1.9101,0.0,0.9988,C,0.0667,3.873,Z,CZ
SKU1198,Product 1198,7.6277,11.0,1.1241,0.0,0.9988,C,0.7333,2.2148,Z,CZ
SKU0767,Product 0767,7.47,2.0,3.8819,0.0,0.9988,C,0.1333,3.873,Z,CZ
SKU1134,Product 1134,7.47,1.0,1.9362,0.0,0.9989,C,0.0667,3.873,Z,CZ
SKU0435,Product 0435,7.221,29.0,5.1934,0.0,0.9989,C,1.9333,3.0878,Z,CZ
SKU1269,Product 1269,7.1712,5.0,2.5877,0.0,0.9989,C,0.3333,3.873,Z,CZ
SKU0332,Product 0332,6.8558,6.0,2.5064,0.0,0.999,C,0.4,2.2756,Z,CZ
SKU1295,Product 1295,6.723,3.0,2.1989,0.0,0.999,C,0.2,2.8031,Z,CZ
SKU0262,Product 0262,6.64,8.0,0.9939,0.0,0.999,C,0.5333,3.3889,Z,CZ
SKU1075,Product 1075,6.64,4.0,1.8124,0.0,0.9991,C,0.2667,3.873,Z,CZ
SKU0797,Product 0797,6.5072,5.0,2.2213,0.0,0.9991,C,0.3333,3.873,Z,CZ
SKU1745,Product 1745,6.225,75.0,0.0,0.0,0.9991,C,5.0,2.6033,Z,CZ
SKU0940,Product 0940,6.142,2.0,3.3929,0.0,0.9991,C,0.1333,3.873,Z,CZ
SKU0110,Product 0110,5.9926,2.0,1.509,0.0,0.9992,C,0.1333,2.639,Z,CZ
SKU1309,Product 1309,5.976,4.0,2.5743,0.0,0.9992,C,0.2667,2.9955,Z,CZ
SKU0775,Product 0775,5.976,6.0,2.0597,0.0,0.9992,C,0.4,3.873,Z,CZ
SKU0002,Product 0002,5.9428,18.0,3.8166,0.0,0.9992,C,1.2,3.2459,Z,CZ
SKU1571,Product 1571,5.8515,5.0,1.98,0.0,0.9993,C,0.3333,3.873,Z,CZ
SKU0414,Product 0414,5.8266,4.0,2.2859,0.0,0.9993,C,0.2667,2.639,Z,CZ
SKU1530,Product 1530,5.81,5.0,2.3137,0.0,0.9993,C,0.3333,2.6992,Z,CZ
SKU0893,Product 0893,5.727,1.0,4.6185,0.0,0.9993,C,0.0667,3.873,Z,CZ
SKU1004,Product 1004,5.727,11.0,-1.2404,0.0,0.9994,C,0.7333,3.873,Z,CZ
SKU1752,Product 1752,5.644,4.0,2.1361,0.0,0.9994,C,0.2667,2.9955,Z,CZ
SKU0787,Product 0787,5.312,4.0,4.2838,0.0,0.9994,C,0.2667,3.873,Z,CZ
SKU1145,Product 1145,5.312,2.0,1.6492,0.0,0.9994,C,0.1333,3.873,Z,CZ
SKU1292,Product 1292,4.98,5.0,1.8277,0.0,0.9995,C,0.3333,2.1712,Z,CZ
SKU1177,Product 1177,4.98,3.0,-0.3752,0.0,0.9995,C,0.2,3.873,Z,CZ
SKU0620,Product 0620,4.98,2.0,1.6265,0.0,0.9995,C,0.1333,3.873,Z,CZ
SKU0865,Product 0865,4.8555,1.0,-1.3631,0.0,0.9995,C,0.0667,3.873,Z,CZ
SKU1023,Product 1023,4.7725,0.508,1.6983,0.0,0.9995,C,0.0339,3.873,Z,CZ
SKU1714,Product 1714,4.648,4.0,1.8841,0.0,0.9996,C,0.2667,3.873,Z,CZ
SKU1363,Product 1363,4.482,2.0,1.4363,0.0,0.9996,C,0.1333,2.639,Z,CZ
SKU0003,Product 0003,4.316,13.0,2.7762,0.0,0.9996,C,0.8667,2.8553,Z,CZ
SKU0835,Product 0835,4.15,1.0,1.6453,0.0,0.9996,C,0.0667,3.873,Z,CZ
SKU0036,Product 0036,4.15,5.0,0.0683,0.0,0.9996,C,0.3333,3.873,Z,CZ
SKU0466,Product 0466,3.984,3.0,1.2985,0.0,0.9996,C,0.2,2.8031,Z,CZ
SKU0263,Product 0263,3.735,3.0,1.3932,0.0,0.9997,C,0.2,2.8031,Z,CZ
SKU1535,Product 1535,3.486,3.0,1.3883,0.0,0.9997,C,0.2,2.8031,Z,CZ
SKU0253,Product 0253,3.32,2.0,1.6422,0.0,0.9997,C,0.1333,3.873,Z,CZ
SKU0714,Product 0714,3.32,1.0,2.7213,0.0,0.9997,C,0.0667,3.873,Z,CZ
SKU0107,Product 0107,3.2536,5.0,1.1642,0.0,0.9997,C,0.3333,2.4495,Z,CZ
SKU0825,Product 0825,2.988,1.0,0.758,0.0,0.9997,C,0.0667,3.873,Z,CZ
SKU1116,Product 1116,2.988,4.0,0.7129,0.0,0.9997,C,0.2667,2.9955,Z,CZ
SKU1695,Product 1695,2.988,36.0,0.0,0.0,0.9998,C,2.4,2.0156,Z,CZ
SKU0011,Product 0011,2.988,2.0,1.2664,0.0,0.9998,C,0.1333,3.873,Z,CZ
SKU0926,Product 0926,2.9465,8.0,1.6312,0.0,0.9998,C,0.5333,3.873,Z,CZ
SKU1488,Product 1488,2.905,7.0,-0.8726,0.0,0.9998,C,0.4667,3.873,Z,CZ
SKU1742,Product 1742,2.822,34.0,0.0,0.0,0.9998,C,2.2667,2.2648,Z,CZ
SKU0179,Product 0179,2.822,1.0,0.8938,0.0,0.9998,C,0.0667,3.873,Z,CZ
SKU1520,Product 1520,2.6892,2.0,0.7601,0.0,0.9998,C,0.1333,3.873,Z,CZ
SKU0371,Product 0371,2.573,2.0,0.366,0.0,0.9998,C,0.1333,3.873,Z,CZ
SKU0365,Product 0365,2.49,2.0,0.8285,0.0,0.9999,C,0.1333,3.873,Z,CZ
SKU1657,Product 1657,2.49,5.0,-1.279,0.0,0.9999,C,0.3333,3.873,Z,CZ
SKU0239,Product 0239,2.49,2.0,0.8624,0.0,0.9999,C,0.1333,2.639,Z,CZ
SKU0336,Product 0336,2.49,2.0,0.7296,0.0,0.9999,C,0.1333,3.873,Z,CZ
SKU0772,Product 0772,2.241,2.0,0.8907,0.0,0.9999,C,0.1333,2.639,Z,CZ
SKU0674,Product 0674,2.2078,2.0,1.0975,0.0,0.9999,C,0.1333,3.873,Z,CZ
SKU1099,Product 1099,2.075,1.0,0.2195,0.0,0.9999,C,0.0667,3.873,Z,CZ
SKU0293,Product 0293,2.075,1.0,0.7048,0.0,0.9999,C,0.0667,3.873,Z,CZ
SKU0869,Product 0869,1.8592,1.0,0.3125,0.0,0.9999,C,0.0667,3.873,Z,CZ
SKU1307,Product 1307,1.8592,2.0,0.5199,0.0,0.9999,C,0.1333,2.639,Z,CZ
SKU0700,Product 0700,1.743,21.0,0.2089,0.0,0.9999,C,1.4,3.4972,Z,CZ
SKU0790,Product 0790,1.66,1.0,0.3563,0.0,1.0,C,0.0667,3.873,Z,CZ
SKU1403,Product 1403,1.577,1.0,0.7365,0.0,1.0,C,0.0667,3.873,Z,CZ
SKU0453,Product 0453,1.328,1.0,0.5895,0.0,1.0,C,0.0667,3.873,Z,CZ
SKU1672,Product 1672,1.245,1.0,0.4561,0.0,1.0,C,0.0667,3.873,Z,CZ
SKU0210,Product 0210,1.245,1.0,0.5123,0.0,1.0,C,0.0667,3.873,Z,CZ
SKU1751,Product 1751,1.1288,1.0,0.3028,0.0,1.0,C,0.0667,3.873,Z,CZ
SKU0429,Product 0429,1.1205,1.0,0.3541,0.0,1.0,C,0.0667,3.873,Z,CZ
SKU0690,Product 0690,0.996,1.0,0.4748,0.0,1.0,C,0.0667,3.873,Z,CZ
SKU0334,Product 0334,0.996,1.0,0.1773,0.0,1.0,C,0.0667,3.873,Z,CZ
SKU0456,Product 0456,0.581,1.0,0.2273,0.0,1.0,C,0.0667,3.873,Z,CZ
