sku,product_name,category,unit
SKU0001,Product 0001,Category 18,TK
SKU0002,Product 0002,Category 18,TK
SKU0003,Product 0003,Category 18,TK
SKU0004,Product 0004,Category 18,TK
SKU0007,Product 0007,Category 36,TK
SKU0008,Product 0008,Category 36,TK
SKU0010,Product 0010,Category 37,TK
SKU0011,Product 0011,Category 20,TK
SKU0012,Product 0012,Category 36,TK
SKU0013,Product 0013,Category 19,TK
SKU0014,Product 0014,Category 19,TK
SKU0015,Product 0015,Category 23,TK
SKU0016,Product 0016,Category 18,TK
SKU0018,Product 0018,Category 18,TK
SKU0019,Product 0019,Category 64,TK
SKU0021,Product 0021,Category 64,TK
SKU0022,Product 0022,Category 26,TK
SKU0023,Product 0023,Category 26,TK
SKU0024,Product 0024,Category 26,TK
SKU0025,Product 0025,Category 26,TK
SKU0026,Product 0026,Category 26,TK
SKU0027,Product 0027,Category 26,TK
SKU0028,Product 0028,Category 26,TK
SKU0029,Product 0029,Category 26,TK
SKU0030,Product 0030,Category 26,TK
SKU0032,Product 0032,Category 64,TK
SKU0033,Product 0033,Category 06,TK
SKU0034,Product 0034,Category 06,TK
SKU0036,Product 0036,Category 31,TK
SKU0037,Product 0037,Category 20,TK
SKU0039,Product 0039,Category 18,TK
SKU0041,Product 0041,Category 23,TK
SKU0042,Product 0042,Category 23,TK
SKU0043,Product 0043,Category 23,TK
SKU0044,Product 0044,Category 23,TK
SKU0045,Product 0045,Category 23,TK
SKU0046,Product 0046,Category 23,TK
SKU0047,Product 0047,Category 23,TK
SKU0048,Product 0048,Category 23,TK
SKU0050,Product 0050,Category 23,TK
SKU0051,Product 0051,Category 23,TK
SKU0053,Product 0053,Category 58,TK
SKU0061,Product 0061,Category 12,TK
SKU0062,Product 0062,Category 08,TK
SKU0063,Product 0063,Category 14,TK
SKU0064,Product 0064,Category 12,TK
SKU0065,Product 0065,Category 12,TK
SKU0066,Product 0066,Category 12,TK
SKU0070,Product 0070,Category 24,TK
SKU0081,Product 0081,Category 24,TK
SKU0082,Product 0082,Category 24,TK
SKU0084,Product 0084,Category 15,TK
SKU0085,Product 0085,Category 45,TK
SKU0086,Product 0086,Category 12,TK
SKU0087,Product 0087,Category 12,TK
SKU0088,Product 0088,Category 12,TK
SKU0091,Product 0091,Category 12,TK
SKU0092,Product 0092,Category 12,TK
SKU0094,Product 0094,Category 12,TK
SKU0095,Product 0095,Category 12,TK
SKU0096,Product 0096,Category 12,TK
SKU0098,Product 0098,Category 13,TK
SKU0099,Product 0099,Category 12,TK
SKU0100,Product 0100,Category 13,TK
SKU0103,Product 0103,Category 08,TK
SKU0105,Product 0105,Category 12,TK
SKU0107,Product 0107,Category 23,TK
SKU0108,Product 0108,Category 12,TK
SKU0110,Product 0110,Category 22,TK
SKU0114,Product 0114,Category 08,TK
SKU0115,Product 0115,Category 12,TK
SKU0116,Product 0116,Category 06,TK
SKU0117,Product 0117,Category 16,TK
SKU0119,Product 0119,Category 26,TK
SKU0120,Product 0120,Category 20,TK
SKU0121,Product 0121,Category 20,TK
SKU0122,Product 0122,Category 20,TK
SKU0123,Product 0123,Category 26,TK
SKU0124,Product 0124,Category 20,TK
SKU0125,Product 0125,Category 20,TK
SKU0126,Product 0126,Category 20,TK
SKU0127,Product 0127,Category 20,TK
SKU0128,Product 0128,Category 20,TK
SKU0129,Product 0129,Category 20,TK
SKU0130,Product 0130,Category 06,TK
SKU0131,Product 0131,Category 06,TK
SKU0134,Product 0134,Category 30,TK
SKU0139,Product 0139,Category 21,TK
SKU0140,Product 0140,Category 18,TK
SKU0144,Product 0144,Category 13,TK
SKU0145,Product 0145,Category 13,TK
SKU0146,Product 0146,Category 12,TK
SKU0147,Product 0147,Category 12,TK
SKU0148,Product 0148,Category 12,TK
SKU0150,Product 0150,Category 12,TK
SKU0152,Product 0152,Category 13,TK
SKU0153,Product 0153,Category 13,TK
SKU0154,Product 0154,Category 46,TK
SKU0155,Product 0155,Category 46,TK
SKU0156,Product 0156,Category 12,TK
SKU0157,Product 0157,Category 12,TK
SKU0165,Product 0165,Category 06,TK
SKU0166,Product 0166,Category 06,TK
SKU0167,Product 0167,Category 19,TK
SKU0168,Product 0168,Category 19,TK
SKU0169,Product 0169,Category 19,TK
SKU0170,Product 0170,Category 19,TK
SKU0171,Product 0171,Category 01,TK
SKU0172,Product 0172,Category 19,TK
SKU0173,Product 0173,Category 19,TK
SKU0174,Product 0174,Category 19,TK
SKU0179,Product 0179,Category 22,TK
SKU0182,Product 0182,Category 36,TK
SKU0186,Product 0186,Category 22,TK
SKU0188,Product 0188,Category 36,TK
SKU0189,Product 0189,Category 37,TK
SKU0200,Product 0200,Category 37,TK
SKU0209,Product 0209,Category 20,TK
SKU0210,Product 0210,Category 20,TK
SKU0212,Product 0212,Category 12,TK
SKU0220,Product 0220,Category 25,TK
SKU0222,Product 0222,Category 24,TK
SKU0223,Product 0223,Category 26,TK
SKU0224,Product 0224,Category 12,TK
SKU0228,Product 0228,Category 24,TK
SKU0232,Product 0232,Category 24,TK
SKU0234,Product 0234,Category 15,TK
SKU0235,Product 0235,Category 15,TK
SKU0236,Product 0236,Category 15,TK
SKU0238,Product 0238,Category 09,TK
SKU0239,Product 0239,Category 09,TK
SKU0241,Product 0241,Category 09,TK
SKU0247,Product 0247,Category 22,TK
SKU0248,Product 0248,Category 22,TK
SKU0253,Product 0253,Category 14,TK
SKU0254,Product 0254,Category 09,TK
SKU0260,Product 0260,Category 20,TK
SKU0261,Product 0261,Category 34,TK
SKU0262,Product 0262,Category 22,TK
SKU0263,Product 0263,Category 22,TK
SKU0267,Product 0267,Category 12,TK
SKU0268,Product 0268,Category 22,TK
SKU0270,Product 0270,Category 35,TK
SKU0277,Product 0277,Category 26,TK
SKU0278,Product 0278,Category 26,TK
SKU0280,Product 0280,Category 24,TK
SKU0282,Product 0282,Category 20,TK
SKU0283,Product 0283,Category 34,TK
SKU0289,Product 0289,Category 23,TK
SKU0293,Product 0293,Category 23,TK
SKU0295,Product 0295,Category 23,TK
SKU0307,Product 0307,Category 18,TK
SKU0312,Product 0312,Category 12,TK
SKU0313,Product 0313,Category 12,TK
SKU0315,Product 0315,Category 22,TK
SKU0317,Product 0317,Category 10,TK
SKU0318,Product 0318,Category 10,TK
SKU0319,Product 0319,Category 10,TK
SKU0320,Product 0320,Category 10,TK
SKU0321,Product 0321,Category 10,TK
SKU0322,Product 0322,Category 10,TK
SKU0323,Product 0323,Category 10,TK
SKU0325,Product 0325,Category 10,TK
SKU0326,Product 0326,Category 10,TK
SKU0332,Product 0332,Category 20,TK
SKU0333,Product 0333,Category 12,TK
SKU0334,Product 0334,Category 03,TK
SKU0336,Product 0336,Category 09,TK
SKU0339,Product 0339,Category 22,TK
SKU0343,Product 0343,Category 24,TK
SKU0344,Product 0344,Category 24,TK
SKU0352,Product 0352,Category 37,TK
SKU0353,Product 0353,Category 35,TK
SKU0365,Product 0365,Category 35,TK
SKU0371,Product 0371,Category 22,TK
SKU0375,Product 0375,Category 22,TK
SKU0384,Product 0384,Category 35,TK
SKU0398,Product 0398,Category 24,TK
SKU0401,Product 0401,Category 12,TK
SKU0403,Product 0403,Category 22,TK
SKU0405,Product 0405,Category 22,TK
SKU0408,Product 0408,Category 22,TK
SKU0413,Product 0413,Category 22,TK
SKU0414,Product 0414,Category 25,TK
SKU0417,Product 0417,Category 15,TK
SKU0421,Product 0421,Category 22,TK
SKU0422,Product 0422,Category 12,TK
SKU0426,Product 0426,Category 15,TK
SKU0427,Product 0427,Category 15,TK
SKU0428,Product 0428,Category 48,TK
SKU0429,Product 0429,Category 26,TK
SKU0431,Product 0431,Category 47,TK
SKU0435,Product 0435,Category 37,TK
SKU0436,Product 0436,Category 37,TK
SKU0438,Product 0438,Category 37,TK
SKU0441,Product 0441,Category 37,TK
SKU0443,Product 0443,Category 12,TK
SKU0444,Product 0444,Category 24,TK
SKU0449,Product 0449,Category 26,TK
SKU0451,Product 0451,Category 20,TK
SKU0452,Product 0452,Category 12,TK
SKU0453,Product 0453,Category 35,TK
SKU0455,Product 0455,Category 22,TK
SKU0456,Product 0456,Category 25,TK
SKU0460,Product 0460,Category 12,TK
SKU0461,Product 0461,Category 25,TK
SKU0462,Product 0462,Category 25,TK
SKU0463,Product 0463,Category 37,TK
SKU0466,Product 0466,Category 44,TK
SKU0470,Product 0470,Category 24,TK
SKU0471,Product 0471,Category 24,TK
SKU0472,Product 0472,Category 26,TK
SKU0473,Product 0473,Category 26,TK
SKU0474,Product 0474,Category 24,TK
SKU0475,Product 0475,Category 22,TK
SKU0476,Product 0476,Category 22,TK
SKU0477,Product 0477,Category 26,TK
SKU0483,Product 0483,Category 14,TK
SKU0486,Product 0486,Category 12,TK
SKU0487,Product 0487,Category 12,TK
SKU0488,Product 0488,Category 19,TK
SKU0494,Product 0494,Category 12,TK
SKU0496,Product 0496,Category 22,TK
SKU0498,Product 0498,Category 20,TK
SKU0499,Product 0499,Category 22,TK
SKU0504,Product 0504,Category 12,TK
SKU0506,Product 0506,Category 39,TK
SKU0507,Product 0507,Category 39,TK
SKU0509,Product 0509,Category 54,TK
SKU0510,Product 0510,Category 24,TK
SKU0511,Product 0511,Category 14,TK
SKU0512,Product 0512,Category 22,TK
SKU0514,Product 0514,Category 09,TK
SKU0515,Product 0515,Category 01,TK
SKU0516,Product 0516,Category 09,TK
SKU0518,Product 0518,Category 13,TK
SKU0519,Product 0519,Category 13,TK
SKU0520,Product 0520,Category 22,TK
SKU0523,Product 0523,Category 24,TK
SKU0524,Product 0524,Category 09,TK
SKU0525,Product 0525,Category 36,TK
SKU0526,Product 0526,Category 26,TK
SKU0527,Product 0527,Category 12,TK
SKU0528,Product 0528,Category 09,TK
SKU0529,Product 0529,Category 09,TK
SKU0530,Product 0530,Category 09,TK
SKU0531,Product 0531,Category 12,TK
SKU0532,Product 0532,Category 35,TK
SKU0533,Product 0533,Category 12,TK
SKU0534,Product 0534,Category 38,TK
SKU0535,Product 0535,Category 38,TK
SKU0536,Product 0536,Category 22,TK
SKU0537,Product 0537,Category 61,TK
SKU0538,Product 0538,Category 53,TK
SKU0539,Product 0539,Category 53,TK
SKU0540,Product 0540,Category 36,TK
SKU0541,Product 0541,Category 12,TK
SKU0542,Product 0542,Category 12,TK
SKU0543,Product 0543,Category 25,TK
SKU0544,Product 0544,Category 25,TK
SKU0545,Product 0545,Category 25,TK
SKU0546,Product 0546,Category 56,TK
SKU0547,Product 0547,Category 56,TK
SKU0548,Product 0548,Category 14,TK
SKU0549,Product 0549,Category 14,TK
SKU0550,Product 0550,Category 53,TK
SKU0551,Product 0551,Category 56,TK
SKU0552,Product 0552,Category 12,TK
SKU0553,Product 0553,Category 36,TK
SKU0554,Product 0554,Category 12,TK
SKU0555,Product 0555,Category 64,TK
SKU0556,Product 0556,Category 64,TK
SKU0560,Product 0560,Category 64,TK
SKU0564,Product 0564,Category 21,TK
SKU0568,Product 0568,Category 16,TK
SKU0569,Product 0569,Category 20,TK
SKU0571,Product 0571,Category 22,TK
SKU0574,Product 0574,Category 53,TK
SKU0581,Product 0581,Category 09,TK
SKU0582,Product 0582,Category 36,TK
SKU0583,Product 0583,Category 37,TK
SKU0585,Product 0585,Category 25,TK
SKU0587,Product 0587,Category 22,TK
SKU0588,Product 0588,Category 22,TK
SKU0590,Product 0590,Category 53,TK
SKU0596,Product 0596,Category 22,TK
SKU0599,Product 0599,Category 38,TK
SKU0600,Product 0600,Category 09,TK
SKU0611,Product 0611,Category 09,TK
SKU0612,Product 0612,Category 09,TK
SKU0613,Product 0613,Category 09,TK
SKU0616,Product 0616,Category 38,TK
SKU0620,Product 0620,Category 53,TK
SKU0629,Product 0629,Category 13,TK
SKU0630,Product 0630,Category 13,TK
SKU0631,Product 0631,Category 13,TK
SKU0633,Product 0633,Category 20,TK
SKU0634,Product 0634,Category 20,TK
SKU0635,Product 0635,Category 20,TK
SKU0636,Product 0636,Category 20,TK
SKU0637,Product 0637,Category 20,TK
SKU0638,Product 0638,Category 20,TK
SKU0639,Product 0639,Category 20,TK
SKU0640,Product 0640,Category 20,TK
SKU0641,Product 0641,Category 12,TK
SKU0642,Product 0642,Category 22,TK
SKU0643,Product 0643,Category 22,TK
SKU0644,Product 0644,Category 26,TK
SKU0645,Product 0645,Category 20,TK
SKU0646,Product 0646,Category 22,TK
SKU0647,Product 0647,Category 22,TK
SKU0648,Product 0648,Category 12,TK
SKU0649,Product 0649,Category 12,TK
SKU0650,Product 0650,Category 20,TK
SKU0652,Product 0652,Category 20,TK
SKU0653,Product 0653,Category 20,TK
SKU0654,Product 0654,Category 20,TK
SKU0655,Product 0655,Category 20,TK
SKU0656,Product 0656,Category 24,TK
SKU0657,Product 0657,Category 53,TK
SKU0658,Product 0658,Category 22,TK
SKU0659,Product 0659,Category 22,TK
SKU0660,Product 0660,Category 19,TK
SKU0661,Product 0661,Category 12,TK
SKU0662,Product 0662,Category 48,TK
SKU0663,Product 0663,Category 22,TK
SKU0664,Product 0664,Category 27,TK
SKU0665,Product 0665,Category 27,TK
SKU0666,Product 0666,Category 27,TK
SKU0667,Product 0667,Category 27,TK
SKU0668,Product 0668,Category 27,TK
SKU0670,Product 0670,Category 26,TK
SKU0671,Product 0671,Category 22,PK
SKU0674,Product 0674,Category 22,TK
SKU0676,Product 0676,Category 14,TK
SKU0678,Product 0678,Category 20,TK
SKU0679,Product 0679,Category 20,TK
SKU0680,Product 0680,Category 36,TK
SKU0681,Product 0681,Category 22,TK
SKU0682,Product 0682,Category 23,TK
SKU0683,Product 0683,Category 21,TK
SKU0684,Product 0684,Category 21,TK
SKU0688,Product 0688,Category 26,TK
SKU0689,Product 0689,Category 26,TK
SKU0690,Product 0690,Category 26,TK
SKU0691,Product 0691,Category 26,TK
SKU0692,Product 0692,Category 26,TK
SKU0693,Product 0693,Category 20,TK
SKU0694,Product 0694,Category 26,TK
SKU0695,Product 0695,Category 64,TK
SKU0698,Product 0698,Category 20,TK
SKU0700,Product 0700,Category 19,TK
SKU0702,Product 0702,Category 26,TK
SKU0703,Product 0703,Category 26,TK
SKU0707,Product 0707,Category 06,TK
SKU0708,Product 0708,Category 26,TK
SKU0709,Product 0709,Category 26,TK
SKU0710,Product 0710,Category 26,TK
SKU0711,Product 0711,Category 26,TK
SKU0712,Product 0712,Category 26,TK
SKU0713,Product 0713,Category 26,TK
SKU0714,Product 0714,Category 06,TK
SKU0715,Product 0715,Category 20,TK
SKU0716,Product 0716,Category 53,TK
SKU0721,Product 0721,Category 55,TK
SKU0722,Product 0722,Category 55,TK
SKU0723,Product 0723,Category 55,TK
SKU0724,Product 0724,Category 67,TK
SKU0725,Product 0725,Category 67,TK
SKU0726,Product 0726,Category 67,TK
SKU0727,Product 0727,Category 67,TK
SKU0728,Product 0728,Category 67,TK
SKU0729,Product 0729,Category 67,TK
SKU0731,Product 0731,Category 53,TK
SKU0733,Product 0733,Category 54,TK
SKU0734,Product 0734,Category 16,TK
SKU0735,Product 0735,Category 16,TK
SKU0736,Product 0736,Category 16,TK
SKU0738,Product 0738,Category 19,TK
SKU0739,Product 0739,Category 53,TK
SKU0740,Product 0740,Category 53,TK
SKU0741,Product 0741,Category 53,TK
SKU0742,Product 0742,Category 53,TK
SKU0743,Product 0743,Category 53,TK
SKU0744,Product 0744,Category 53,TK
SKU0745,Product 0745,Category 53,TK
SKU0752,Product 0752,Category 22,TK
SKU0754,Product 0754,Category 34,TK
SKU0755,Product 0755,Category 24,TK
SKU0756,Product 0756,Category 24,TK
SKU0758,Product 0758,Category 15,TK
SKU0759,Product 0759,Category 15,TK
SKU0760,Product 0760,Category 15,TK
SKU0761,Product 0761,Category 15,TK
SKU0764,Product 0764,Category 15,TK
SKU0767,Product 0767,Category 12,TK
SKU0771,Product 0771,Category 12,TK
SKU0772,Product 0772,Category 12,TK
SKU0775,Product 0775,Category 12,TK
SKU0782,Product 0782,Category 15,TK
SKU0783,Product 0783,Category 15,TK
SKU0784,Product 0784,Category 15,TK
SKU0786,Product 0786,Category 15,TK
SKU0787,Product 0787,Category 13,TK
SKU0789,Product 0789,Category 06,TK
SKU0790,Product 0790,Category 15,TK
SKU0791,Product 0791,Category 06,TK
SKU0792,Product 0792,Category 06,TK
SKU0793,Product 0793,Category 06,TK
SKU0794,Product 0794,Category 12,TK
SKU0795,Product 0795,Category 12,TK
SKU0797,Product 0797,Category 15,TK
SKU0798,Product 0798,Category 24,TK
SKU0799,Product 0799,Category 24,TK
SKU0800,Product 0800,Category 24,TK
SKU0801,Product 0801,Category 24,TK
SKU0802,Product 0802,Category 24,TK
SKU0803,Product 0803,Category 46,TK
SKU0804,Product 0804,Category 46,TK
SKU0805,Product 0805,Category 46,TK
SKU0806,Product 0806,Category 46,TK
SKU0807,Product 0807,Category 46,TK
SKU0810,Product 0810,Category 13,TK
SKU0811,Product 0811,Category 18,TK
SKU0812,Product 0812,Category 50,TK
SKU0813,Product 0813,Category 06,TK
SKU0814,Product 0814,Category 08,TK
SKU0815,Product 0815,Category 08,TK
SKU0816,Product 0816,Category 54,TK
SKU0817,Product 0817,Category 06,TK
SKU0818,Product 0818,Category 06,TK
SKU0819,Product 0819,Category 06,TK
SKU0820,Product 0820,Category 56,TK
SKU0821,Product 0821,Category 56,TK
SKU0822,Product 0822,Category 42,TK
SKU0823,Product 0823,Category 42,TK
SKU0825,Product 0825,Category 42,TK
SKU0826,Product 0826,Category 42,TK
SKU0827,Product 0827,Category 42,TK
SKU0828,Product 0828,Category 42,TK
SKU0830,Product 0830,Category 46,TK
SKU0831,Product 0831,Category 06,TK
SKU0833,Product 0833,Category 02,TK
SKU0835,Product 0835,Category 06,TK
SKU0836,Product 0836,Category 50,KG
SKU0837,Product 0837,Category 24,TK
SKU0838,Product 0838,Category 13,TK
SKU0839,Product 0839,Category 13,TK
SKU0841,Product 0841,Category 11,TK
SKU0842,Product 0842,Category 06,TK
SKU0843,Product 0843,Category 06,TK
SKU0844,Product 0844,Category 06,TK
SKU0845,Product 0845,Category 06,TK
SKU0846,Product 0846,Category 06,TK
SKU0850,Product 0850,Category 05,TK
SKU0851,Product 0851,Category 05,TK
SKU0852,Product 0852,Category 05,TK
SKU0858,Product 0858,Category 22,PK
SKU0859,Product 0859,Category 01,TK
SKU0860,Product 0860,Category 01,TK
SKU0861,Product 0861,Category 56,TK
SKU0862,Product 0862,Category 42,TK
SKU0863,Product 0863,Category 46,TK
SKU0864,Product 0864,Category 50,KG
SKU0865,Product 0865,Category 37,TK
SKU0866,Product 0866,Category 37,TK
SKU0867,Product 0867,Category 50,TK
SKU0868,Product 0868,Category 15,TK
SKU0869,Product 0869,Category 15,TK
SKU0870,Product 0870,Category 15,TK
SKU0871,Product 0871,Category 15,TK
SKU0872,Product 0872,Category 52,KG
SKU0873,Product 0873,Category 13,TK
SKU0874,Product 0874,Category 46,TK
SKU0875,Product 0875,Category 13,TK
SKU0876,Product 0876,Category 13,TK
SKU0877,Product 0877,Category 44,TK
SKU0878,Product 0878,Category 44,TK
SKU0879,Product 0879,Category 56,TK
SKU0880,Product 0880,Category 56,TK
SKU0882,Product 0882,Category 56,TK
SKU0883,Product 0883,Category 56,TK
SKU0884,Product 0884,Category 22,TK
SKU0885,Product 0885,Category 31,TK
SKU0886,Product 0886,Category 20,TK
SKU0887,Product 0887,Category 22,TK
SKU0888,Product 0888,Category 13,TK
SKU0889,Product 0889,Category 13,TK
SKU0890,Product 0890,Category 13,TK
SKU0891,Product 0891,Category 22,TK
SKU0892,Product 0892,Category 22,TK
SKU0893,Product 0893,Category 37,TK
SKU0894,Product 0894,Category 42,TK
SKU0895,Product 0895,Category 42,TK
SKU0896,Product 0896,Category 42,TK
SKU0897,Product 0897,Category 42,TK
SKU0898,Product 0898,Category 64,TK
SKU0899,Product 0899,Category 37,TK
SKU0900,Product 0900,Category 36,TK
SKU0901,Product 0901,Category 36,TK
SKU0902,Product 0902,Category 64,TK
SKU0904,Product 0904,Category 64,TK
SKU0905,Product 0905,Category 64,TK
SKU0906,Product 0906,Category 56,TK
SKU0907,Product 0907,Category 64,TK
SKU0909,Product 0909,Category 65,TK
SKU0910,Product 0910,Category 65,TK
SKU0911,Product 0911,Category 65,TK
SKU0912,Product 0912,Category 65,TK
SKU0913,Product 0913,Category 15,TK
SKU0914,Product 0914,Category 50,KG
SKU0915,Product 0915,Category 56,KG
SKU0916,Product 0916,Category 56,KG
SKU0917,Product 0917,Category 26,TK
SKU0918,Product 0918,Category 14,TK
SKU0919,Product 0919,Category 26,TK
SKU0924,Product 0924,Category 61,TK
SKU0925,Product 0925,Category 53,TK
SKU0926,Product 0926,Category 59,TK
SKU0928,Product 0928,Category 14,TK
SKU0929,Product 0929,Category 64,TK
SKU0930,Product 0930,Category 64,TK
SKU0931,Product 0931,Category 64,TK
SKU0932,Product 0932,Category 64,TK
SKU0933,Product 0933,Category 64,TK
SKU0934,Product 0934,Category 64,TK
SKU0935,Product 0935,Category 64,TK
SKU0936,Product 0936,Category 64,TK
SKU0937,Product 0937,Category 64,TK
SKU0938,Product 0938,Category 64,TK
SKU0939,Product 0939,Category 64,TK
SKU0940,Product 0940,Category 36,TK
SKU0941,Product 0941,Category 64,TK
SKU0942,Product 0942,Category 24,TK
SKU0943,Product 0943,Category 24,TK
SKU0944,Product 0944,Category 24,TK
SKU0945,Product 0945,Category 24,TK
SKU0946,Product 0946,Category 24,TK
SKU0947,Product 0947,Category 24,TK
SKU0950,Product 0950,Category 36,TK
SKU0951,Product 0951,Category 67,TK
SKU0952,Product 0952,Category 67,TK
SKU0953,Product 0953,Category 67,TK
SKU0954,Product 0954,Category 64,TK
SKU0955,Product 0955,Category 64,TK
SKU0956,Product 0956,Category 64,TK
SKU0959,Product 0959,Category 56,TK
SKU0963,Product 0963,Category 16,TK
SKU0964,Product 0964,Category 16,TK
SKU0980,Product 0980,Category 09,TK
SKU0981,Product 0981,Category 09,TK
SKU0982,Product 0982,Category 14,TK
SKU0983,Product 0983,Category 14,TK
SKU0984,Product 0984,Category 14,TK
SKU0985,Product 0985,Category 14,TK
SKU0986,Product 0986,Category 14,TK
SKU0987,Product 0987,Category 14,TK
SKU0988,Product 0988,Category 14,TK
SKU0989,Product 0989,Category 56,TK
SKU0990,Product 0990,Category 14,TK
SKU0991,Product 0991,Category 14,TK
SKU0992,Product 0992,Category 23,TK
SKU0993,Product 0993,Category 46,TK
SKU0994,Product 0994,Category 46,TK
SKU0995,Product 0995,Category 15,TK
SKU0996,Product 0996,Category 56,KG
SKU0997,Product 0997,Category 54,TK
SKU1000,Product 1000,Category 09,TK
SKU1001,Product 1001,Category 20,TK
SKU1002,Product 1002,Category 20,TK
SKU1003,Product 1003,Category 20,TK
SKU1004,Product 1004,Category 33,TK
SKU1007,Product 1007,Category 33,TK
SKU1009,Product 1009,Category 06,TK
SKU1013,Product 1013,Category 06,TK
SKU1014,Product 1014,Category 06,TK
SKU1022,Product 1022,Category 54,TK
SKU1023,Product 1023,Category 56,KG
SKU1024,Product 1024,Category 15,TK
SKU1025,Product 1025,Category 15,TK
SKU1026,Product 1026,Category 15,TK
SKU1027,Product 1027,Category 15,TK
SKU1028,Product 1028,Category 15,TK
SKU1029,Product 1029,Category 15,TK
SKU1030,Product 1030,Category 15,TK
SKU1031,Product 1031,Category 14,TK
SKU1033,Product 1033,Category 26,TK
SKU1034,Product 1034,Category 40,TK
SKU1036,Product 1036,Category 63,TK
SKU1037,Product 1037,Category 63,TK
SKU1038,Product 1038,Category 63,TK
SKU1039,Product 1039,Category 63,TK
SKU1047,Product 1047,Category 01,TK
SKU1048,Product 1048,Category 26,TK
SKU1049,Product 1049,Category 26,TK
SKU1050,Product 1050,Category 26,TK
SKU1051,Product 1051,Category 26,TK
SKU1062,Product 1062,Category 13,TK
SKU1063,Product 1063,Category 13,TK
SKU1066,Product 1066,Category 20,TK
SKU1067,Product 1067,Category 22,TK
SKU1068,Product 1068,Category 22,TK
SKU1069,Product 1069,Category 12,TK
SKU1070,Product 1070,Category 12,TK
SKU1071,Product 1071,Category 12,TK
SKU1072,Product 1072,Category 21,TK
SKU1073,Product 1073,Category 21,TK
SKU1074,Product 1074,Category 14,TK
SKU1075,Product 1075,Category 56,TK
SKU1076,Product 1076,Category 20,TK
SKU1077,Product 1077,Category 18,TK
SKU1078,Product 1078,Category 26,TK
SKU1079,Product 1079,Category 20,TK
SKU1080,Product 1080,Category 18,TK
SKU1081,Product 1081,Category 20,TK
SKU1082,Product 1082,Category 20,TK
SKU1084,Product 1084,Category 19,TK
SKU1086,Product 1086,Category 53,TK
SKU1088,Product 1088,Category 20,TK
SKU1089,Product 1089,Category 20,TK
SKU1090,Product 1090,Category 30,TK
SKU1091,Product 1091,Category 24,TK
SKU1092,Product 1092,Category 37,TK
SKU1093,Product 1093,Category 37,TK
SKU1095,Product 1095,Category 15,TK
SKU1096,Product 1096,Category 12,TK
SKU1097,Product 1097,Category 20,TK
SKU1098,Product 1098,Category 12,TK
SKU1099,Product 1099,Category 62,TK
SKU1102,Product 1102,Category 20,TK
SKU1106,Product 1106,Category 37,TK
SKU1107,Product 1107,Category 19,TK
SKU1108,Product 1108,Category 64,TK
SKU1116,Product 1116,Category 12,TK
SKU1134,Product 1134,Category 63,TK
SKU1144,Product 1144,Category 51,TK
SKU1145,Product 1145,Category 51,TK
SKU1153,Product 1153,Category 14,TK
SKU1154,Product 1154,Category 49,TK
SKU1155,Product 1155,Category 49,TK
SKU1156,Product 1156,Category 49,TK
SKU1157,Product 1157,Category 49,TK
SKU1158,Product 1158,Category 49,TK
SKU1159,Product 1159,Category 49,TK
SKU1160,Product 1160,Category 49,TK
SKU1161,Product 1161,Category 49,TK
SKU1168,Product 1168,Category 14,TK
SKU1169,Product 1169,Category 14,TK
SKU1170,Product 1170,Category 27,TK
SKU1171,Product 1171,Category 27,TK
SKU1174,Product 1174,Category 02,TK
SKU1177,Product 1177,Category 27,TK
SKU1179,Product 1179,Category 14,TK
SKU1187,Product 1187,Category 29,TK
SKU1191,Product 1191,Category 63,TK
SKU1192,Product 1192,Category 15,TK
SKU1195,Product 1195,Category 56,TK
SKU1196,Product 1196,Category 56,TK
SKU1197,Product 1197,Category 01,TK
SKU1198,Product 1198,Category 12,TK
SKU1200,Product 1200,Category 09,TK
SKU1202,Product 1202,Category 14,TK
SKU1204,Product 1204,Category 53,TK
SKU1205,Product 1205,Category 53,TK
SKU1207,Product 1207,Category 53,TK
SKU1208,Product 1208,Category 53,TK
SKU1210,Product 1210,Category 01,TK
SKU1211,Product 1211,Category 36,TK
SKU1212,Product 1212,Category 36,TK
SKU1215,Product 1215,Category 01,TK
SKU1216,Product 1216,Category 22,TK
SKU1217,Product 1217,Category 40,TK
SKU1218,Product 1218,Category 39,TK
SKU1223,Product 1223,Category 25,TK
SKU1224,Product 1224,Category 25,TK
SKU1228,Product 1228,Category 23,TK
SKU1229,Product 1229,Category 12,TK
SKU1230,Product 1230,Category 12,TK
SKU1231,Product 1231,Category 19,TK
SKU1232,Product 1232,Category 18,TK
SKU1233,Product 1233,Category 21,TK
SKU1234,Product 1234,Category 18,TK
SKU1235,Product 1235,Category 20,TK
SKU1236,Product 1236,Category 20,TK
SKU1237,Product 1237,Category 20,TK
SKU1238,Product 1238,Category 20,TK
SKU1239,Product 1239,Category 20,TK
SKU1240,Product 1240,Category 20,TK
SKU1241,Product 1241,Category 12,TK
SKU1242,Product 1242,Category 12,TK
SKU1243,Product 1243,Category 12,TK
SKU1244,Product 1244,Category 04,TK
SKU1245,Product 1245,Category 04,TK
SKU1246,Product 1246,Category 04,TK
SKU1247,Product 1247,Category 04,TK
SKU1249,Product 1249,Category 36,TK
SKU1250,Product 1250,Category 63,TK
SKU1252,Product 1252,Category 39,TK
SKU1253,Product 1253,Category 39,TK
SKU1256,Product 1256,Category 44,TK
SKU1257,Product 1257,Category 20,TK
SKU1258,Product 1258,Category 20,TK
SKU1259,Product 1259,Category 21,TK
SKU1260,Product 1260,Category 06,TK
SKU1261,Product 1261,Category 06,TK
SKU1269,Product 1269,Category 39,TK
SKU1270,Product 1270,Category 39,TK
SKU1271,Product 1271,Category 28,TK
SKU1272,Product 1272,Category 63,TK
SKU1274,Product 1274,Category 60,TK
SKU1276,Product 1276,Category 10,TK
SKU1277,Product 1277,Category 10,TK
SKU1278,Product 1278,Category 10,TK
SKU1279,Product 1279,Category 10,TK
SKU1283,Product 1283,Category 66,TK
SKU1290,Product 1290,Category 52,KG
SKU1292,Product 1292,Category 19,TK
SKU1294,Product 1294,Category 17,TK
SKU1295,Product 1295,Category 63,TK
SKU1297,Product 1297,Category 54,TK
SKU1298,Product 1298,Category 24,TK
SKU1299,Product 1299,Category 09,TK
SKU1300,Product 1300,Category 38,TK
SKU1301,Product 1301,Category 67,TK
SKU1302,Product 1302,Category 53,TK
SKU1303,Product 1303,Category 53,TK
SKU1304,Product 1304,Category 53,TK
SKU1305,Product 1305,Category 53,TK
SKU1306,Product 1306,Category 53,TK
SKU1307,Product 1307,Category 39,TK
SKU1308,Product 1308,Category 09,TK
SKU1309,Product 1309,Category 34,TK
SKU1314,Product 1314,Category 10,TK
SKU1315,Product 1315,Category 10,TK
SKU1319,Product 1319,Category 27,TK
SKU1321,Product 1321,Category 32,TK
SKU1322,Product 1322,Category 32,TK
SKU1323,Product 1323,Category 32,TK
SKU1324,Product 1324,Category 32,TK
SKU1325,Product 1325,Category 32,TK
SKU1326,Product 1326,Category 32,TK
SKU1327,Product 1327,Category 32,TK
SKU1328,Product 1328,Category 32,TK
SKU1329,Product 1329,Category 57,TK
SKU1330,Product 1330,Category 53,TK
SKU1332,Product 1332,Category 06,TK
SKU1342,Product 1342,Category 58,TK
SKU1344,Product 1344,Category 39,TK
SKU1351,Product 1351,Category 47,TK
SKU1358,Product 1358,Category 28,TK
SKU1363,Product 1363,Category 63,TK
SKU1364,Product 1364,Category 28,TK
SKU1365,Product 1365,Category 59,TK
SKU1366,Product 1366,Category 06,TK
SKU1367,Product 1367,Category 06,TK
SKU1368,Product 1368,Category 06,TK
SKU1369,Product 1369,Category 06,TK
SKU1370,Product 1370,Category 18,TK
SKU1375,Product 1375,Category 64,TK
SKU1376,Product 1376,Category 64,TK
SKU1377,Product 1377,Category 64,TK
SKU1378,Product 1378,Category 64,TK
SKU1379,Product 1379,Category 64,TK
SKU1383,Product 1383,Category 12,TK
SKU1384,Product 1384,Category 13,TK
SKU1387,Product 1387,Category 25,TK
SKU1388,Product 1388,Category 10,TK
SKU1389,Product 1389,Category 10,TK
SKU1394,Product 1394,Category 35,TK
SKU1396,Product 1396,Category 10,TK
SKU1397,Product 1397,Category 10,TK
SKU1398,Product 1398,Category 13,TK
SKU1400,Product 1400,Category 39,TK
SKU1401,Product 1401,Category 39,TK
SKU1402,Product 1402,Category 06,TK
SKU1403,Product 1403,Category 58,TK
SKU1404,Product 1404,Category 65,TK
SKU1408,Product 1408,Category 12,TK
SKU1410,Product 1410,Category 12,TK
SKU1411,Product 1411,Category 47,TK
SKU1416,Product 1416,Category 13,TK
SKU1418,Product 1418,Category 66,TK
SKU1419,Product 1419,Category 66,TK
SKU1420,Product 1420,Category 29,TK
SKU1422,Product 1422,Category 07,TK
SKU1423,Product 1423,Category 07,TK
SKU1424,Product 1424,Category 13,TK
SKU1425,Product 1425,Category 12,TK
SKU1426,Product 1426,Category 39,TK
SKU1427,Product 1427,Category 29,TK
SKU1432,Product 1432,Category 53,TK
SKU1435,Product 1435,Category 29,TK
SKU1436,Product 1436,Category 13,TK
SKU1443,Product 1443,Category 29,TK
SKU1444,Product 1444,Category 29,TK
SKU1445,Product 1445,Category 29,TK
SKU1446,Product 1446,Category 29,TK
SKU1447,Product 1447,Category 07,TK
SKU1454,Product 1454,Category 15,TK
SKU1455,Product 1455,Category 26,TK
SKU1460,Product 1460,Category 06,TK
SKU1461,Product 1461,Category 12,TK
SKU1462,Product 1462,Category 12,TK
SKU1463,Product 1463,Category 12,TK
SKU1464,Product 1464,Category 47,TK
SKU1466,Product 1466,Category 24,TK
SKU1472,Product 1472,Category 09,TK
SKU1473,Product 1473,Category 09,TK
SKU1475,Product 1475,Category 09,TK
SKU1476,Product 1476,Category 09,TK
SKU1477,Product 1477,Category 09,TK
SKU1478,Product 1478,Category 09,TK
SKU1479,Product 1479,Category 38,TK
SKU1480,Product 1480,Category 09,TK
SKU1481,Product 1481,Category 09,TK
SKU1482,Product 1482,Category 09,TK
SKU1483,Product 1483,Category 09,TK
SKU1485,Product 1485,Category 19,TK
SKU1488,Product 1488,Category 20,TK
SKU1489,Product 1489,Category 20,TK
SKU1492,Product 1492,Category 12,TK
SKU1501,Product 1501,Category 37,TK
SKU1502,Product 1502,Category 12,TK
SKU1506,Product 1506,Category 15,TK
SKU1507,Product 1507,Category 15,TK
SKU1509,Product 1509,Category 06,TK
SKU1510,Product 1510,Category 06,TK
SKU1511,Product 1511,Category 06,TK
SKU1512,Product 1512,Category 06,TK
SKU1513,Product 1513,Category 06,TK
SKU1518,Product 1518,Category 06,TK
SKU1520,Product 1520,Category 53,TK
SKU1521,Product 1521,Category 12,TK
SKU1523,Product 1523,Category 25,TK
SKU1524,Product 1524,Category 59,TK
SKU1530,Product 1530,Category 26,TK
SKU1532,Product 1532,Category 20,TK
SKU1535,Product 1535,Category 39,TK
SKU1536,Product 1536,Category 12,TK
SKU1537,Product 1537,Category 48,TK
SKU1538,Product 1538,Category 20,TK
SKU1541,Product 1541,Category 58,TK
SKU1542,Product 1542,Category 58,TK
SKU1543,Product 1543,Category 58,TK
SKU1544,Product 1544,Category 58,TK
SKU1545,Product 1545,Category 48,TK
SKU1546,Product 1546,Category 06,TK
SKU1547,Product 1547,Category 18,TK
SKU1548,Product 1548,Category 09,TK
SKU1549,Product 1549,Category 40,TK
SKU1550,Product 1550,Category 61,TK
SKU1552,Product 1552,Category 14,TK
SKU1553,Product 1553,Category 20,TK
SKU1554,Product 1554,Category 47,TK
SKU1555,Product 1555,Category 10,TK
SKU1556,Product 1556,Category 09,TK
SKU1557,Product 1557,Category 18,TK
SKU1558,Product 1558,Category 06,TK
SKU1559,Product 1559,Category 06,TK
SKU1560,Product 1560,Category 29,TK
SKU1561,Product 1561,Category 29,TK
SKU1562,Product 1562,Category 29,TK
SKU1563,Product 1563,Category 29,TK
SKU1564,Product 1564,Category 47,TK
SKU1565,Product 1565,Category 47,TK
SKU1566,Product 1566,Category 47,TK
SKU1567,Product 1567,Category 18,TK
SKU1568,Product 1568,Category 18,TK
SKU1569,Product 1569,Category 18,TK
SKU1570,Product 1570,Category 39,TK
SKU1571,Product 1571,Category 39,TK
SKU1572,Product 1572,Category 56,TK
SKU1573,Product 1573,Category 56,TK
SKU1574,Product 1574,Category 01,TK
SKU1575,Product 1575,Category 19,TK
SKU1576,Product 1576,Category 63,TK
SKU1577,Product 1577,Category 63,TK
SKU1578,Product 1578,Category 63,TK
SKU1579,Product 1579,Category 63,TK
SKU1580,Product 1580,Category 63,TK
SKU1581,Product 1581,Category 63,TK
SKU1587,Product 1587,Category 14,TK
SKU1588,Product 1588,Category 14,TK
SKU1589,Product 1589,Category 14,TK
SKU1592,Product 1592,Category 31,TK
SKU1593,Product 1593,Category 31,TK
SKU1594,Product 1594,Category 31,TK
SKU1596,Product 1596,Category 31,TK
SKU1597,Product 1597,Category 06,TK
SKU1598,Product 1598,Category 06,TK
SKU1599,Product 1599,Category 06,TK
SKU1600,Product 1600,Category 06,TK
SKU1601,Product 1601,Category 39,TK
SKU1602,Product 1602,Category 39,TK
SKU1603,Product 1603,Category 39,TK
SKU1604,Product 1604,Category 39,TK
SKU1605,Product 1605,Category 02,TK
SKU1606,Product 1606,Category 31,TK
SKU1607,Product 1607,Category 31,TK
SKU1608,Product 1608,Category 31,TK
SKU1609,Product 1609,Category 31,TK
SKU1610,Product 1610,Category 31,TK
SKU1611,Product 1611,Category 31,TK
SKU1612,Product 1612,Category 31,TK
SKU1613,Product 1613,Category 31,TK
SKU1614,Product 1614,Category 31,TK
SKU1615,Product 1615,Category 31,TK
SKU1616,Product 1616,Category 31,TK
SKU1617,Product 1617,Category 31,TK
SKU1618,Product 1618,Category 31,TK
SKU1619,Product 1619,Category 31,TK
SKU1620,Product 1620,Category 31,TK
SKU1621,Product 1621,Category 06,TK
SKU1622,Product 1622,Category 46,TK
SKU1623,Product 1623,Category 12,TK
SKU1624,Product 1624,Category 31,TK
SKU1625,Product 1625,Category 31,TK
SKU1626,Product 1626,Category 31,TK
SKU1627,Product 1627,Category 31,TK
SKU1628,Product 1628,Category 56,TK
SKU1629,Product 1629,Category 41,TK
SKU1630,Product 1630,Category 53,TK
SKU1631,Product 1631,Category 53,TK
SKU1632,Product 1632,Category 53,TK
SKU1633,Product 1633,Category 53,TK
SKU1634,Product 1634,Category 53,TK
SKU1635,Product 1635,Category 53,TK
SKU1636,Product 1636,Category 53,TK
SKU1637,Product 1637,Category 53,TK
SKU1638,Product 1638,Category 53,TK
SKU1639,Product 1639,Category 53,TK
SKU1640,Product 1640,Category 53,TK
SKU1641,Product 1641,Category 59,TK
SKU1642,Product 1642,Category 59,TK
SKU1643,Product 1643,Category 59,TK
SKU1644,Product 1644,Category 59,TK
SKU1645,Product 1645,Category 14,TK
SKU1646,Product 1646,Category 14,TK
SKU1647,Product 1647,Category 59,TK
SKU1648,Product 1648,Category 15,TK
SKU1649,Product 1649,Category 15,TK
SKU1650,Product 1650,Category 53,TK
SKU1651,Product 1651,Category 53,TK
SKU1652,Product 1652,Category 59,TK
SKU1657,Product 1657,Category 35,TK
SKU1659,Product 1659,Category 14,TK
SKU1660,Product 1660,Category 26,TK
SKU1663,Product 1663,Category 64,TK
SKU1664,Product 1664,Category 64,TK
SKU1665,Product 1665,Category 46,TK
SKU1666,Product 1666,Category 46,TK
SKU1667,Product 1667,Category 46,TK
SKU1668,Product 1668,Category 46,TK
SKU1669,Product 1669,Category 46,TK
SKU1670,Product 1670,Category 46,TK
SKU1671,Product 1671,Category 46,TK
SKU1672,Product 1672,Category 46,TK
SKU1673,Product 1673,Category 46,TK
SKU1677,Product 1677,Category 26,TK
SKU1678,Product 1678,Category 19,TK
SKU1679,Product 1679,Category 26,TK
SKU1680,Product 1680,Category 20,TK
SKU1682,Product 1682,Category 20,TK
SKU1684,Product 1684,Category 56,TK
SKU1685,Product 1685,Category 56,TK
SKU1686,Product 1686,Category 56,TK
SKU1687,Product 1687,Category 56,TK
SKU1688,Product 1688,Category 56,TK
SKU1689,Product 1689,Category 14,TK
SKU1694,Product 1694,Category 29,TK
SKU1695,Product 1695,Category 41,TK
SKU1696,Product 1696,Category 39,TK
SKU1697,Product 1697,Category 54,TK
SKU1700,Product 1700,Category 12,TK
SKU1701,Product 1701,Category 12,TK
SKU1710,Product 1710,Category 14,TK
SKU1711,Product 1711,Category 14,TK
SKU1712,Product 1712,Category 14,TK
SKU1713,Product 1713,Category 14,TK
SKU1714,Product 1714,Category 14,TK
SKU1715,Product 1715,Category 14,TK
SKU1716,Product 1716,Category 14,TK
SKU1717,Product 1717,Category 14,TK
SKU1719,Product 1719,Category 56,TK
SKU1720,Product 1720,Category 59,TK
SKU1721,Product 1721,Category 12,TK
SKU1722,Product 1722,Category 22,TK
SKU1723,Product 1723,Category 12,TK
SKU1724,Product 1724,Category 12,TK
SKU1725,Product 1725,Category 12,TK
SKU1726,Product 1726,Category 12,TK
SKU1727,Product 1727,Category 12,TK
SKU1728,Product 1728,Category 12,TK
SKU1729,Product 1729,Category 12,TK
SKU1730,Product 1730,Category 12,TK
SKU1731,Product 1731,Category 12,TK
SKU1732,Product 1732,Category 14,TK
SKU1733,Product 1733,Category 14,TK
SKU1734,Product 1734,Category 12,TK
SKU1735,Product 1735,Category 12,TK
SKU1736,Product 1736,Category 12,TK
SKU1737,Product 1737,Category 24,TK
SKU1738,Product 1738,Category 24,TK
SKU1739,Product 1739,Category 24,TK
SKU1740,Product 1740,Category 61,TK
SKU1741,Product 1741,Category 41,TK
SKU1742,Product 1742,Category 41,TK
SKU1743,Product 1743,Category 41,TK
SKU1744,Product 1744,Category 41,TK
SKU1745,Product 1745,Category 41,TK
SKU1746,Product 1746,Category 53,TK
SKU1751,Product 1751,Category 14,TK
SKU1752,Product 1752,Category 14,TK
SKU1753,Product 1753,Category 14,TK
SKU1759,Product 1759,Category 14,TK
SKU1760,Product 1760,Category 14,TK
SKU1761,Product 1761,Category 14,TK
SKU1762,Product 1762,Category 14,TK
SKU1763,Product 1763,Category 43,TK
SKU1764,Product 1764,Category 19,TK
SKU1765,Product 1765,Category 19,TK
SKU1766,Product 1766,Category 19,TK
SKU1767,Product 1767,Category 19,TK
SKU1768,Product 1768,Category 19,TK
SKU1774,Product 1774,Category 31,TK
SKU1776,Product 1776,Category 31,TK
SKU1778,Product 1778,Category 31,TK
SKU1779,Product 1779,Category 56,TK
SKU1780,Product 1780,Category 56,TK
SKU1781,Product 1781,Category 56,TK
SKU1782,Product 1782,Category 56,TK
SKU1783,Product 1783,Category 56,KG
SKU1784,Product 1784,Category 56,KG
SKU1785,Product 1785,Category 56,KG
SKU1786,Product 1786,Category 53,TK
SKU1787,Product 1787,Category 56,TK
SKU1788,Product 1788,Category 56,TK
SKU1789,Product 1789,Category 56,TK
SKU1790,Product 1790,Category 56,TK
SKU1791,Product 1791,Category 56,TK
SKU1792,Product 1792,Category 56,TK
SKU1793,Product 1793,Category 56,TK
SKU1794,Product 1794,Category 56,TK
SKU1795,Product 1795,Category 56,TK
